WCR_name,Date.of.Birth,Latitude.x,Longitude.x,Area.sq.km..x,Date.of.Absorption,Latitude.y,Longitude.y
WE19800304A,3/4/1980,41.11,-56.48,9558.13,4/29/1980,40.39,-60.28
WE19800311B,3/11/1980,40.57,-66.42,4075.78,7/23/1980,41.43,-62.57
WE19800408C,4/8/1980,40.17,-64.28,14646.08,9/17/1980,39.26,-69.11
WE19800528D,5/28/1980,37.39,-73.86,3564.11,7/9/1980,37.01,-74.1
WE19800528E,5/28/1980,39.28,-69.48,19268.43,8/27/1980,37.78,-72.56
WE19800528F,5/28/1980,41.74,-57.62,14967.72,7/16/1980,42.18,-58.45
WE19800604G,6/4/1980,40.29,-59.51,24620.95,6/18/1980,40.45,-59.75
WE19800611H,6/11/1980,40.13,-62.84,10325.03,4/22/1981,38.09,-72.83
WE19800625I,6/25/1980,40.51,-57.47,22664.99,8/27/1980,41.05,-58.7
WE19800806J,8/6/1980,40.44,-61.98,17802.92,7/15/1981,37.2,-74.13
WE19801006K,10/6/1980,40.54,-57.93,29994.21,1/28/1981,39.57,-58.94
WE19801020L,10/20/1980,39.52,-66.47,7518.28,10/29/1980,39.62,-66.46
WE19801119M,11/19/1980,39.08,-65.89,23172.34,12/31/1980,39.96,-68.06
WE19801231N,12/31/1980,41.74,-59.76,10433.87,1/28/1981,40.95,-60.45
WE19810107A,1/7/1981,40.26,-55.13,30844.8,2/4/1981,40.01,-57.77
WE19810114B,1/14/1981,39.89,-62.55,38966.17,2/18/1981,40.16,-65.14
WE19810318C,3/18/1981,40.06,-63.06,34487.34,10/21/1981,37.88,-72.9
WE19810318D,3/18/1981,40.84,-60.1,16143.34,3/25/1981,41.12,-59.96
WE19810415E,4/15/1981,40.78,-58.49,8010.84,4/22/1981,40.65,-58.46
WE19810506F,5/6/1981,40.24,-59.64,17761.04,7/22/1981,40.9,-58.89
WE19810515G,5/15/1981,40.13,-56.5,29098.56,12/23/1981,41.56,-55.41
WE19810722H,7/22/1981,39.62,-62.84,35776.67,12/23/1981,39.36,-63.56
WE19810826I,8/26/1981,41.22,-59.67,20048.04,9/23/1981,41.37,-57.56
WE19811007J,10/7/1981,40.32,-58.3,19509.53,4/23/1982,39.91,-65.95
WE19811028K,10/28/1981,41.05,-58.64,8071.74,11/4/1981,41.04,-58.68
WE19811202L,12/2/1981,38.73,-66.8,17309.76,12/23/1981,38.87,-66.65
WE19811230M,12/30/1981,39.29,-69.22,12840.43,4/30/1982,36.46,-74.13
WE19811230N,12/30/1981,41.7,-58.03,9020.48,3/3/1982,40.89,-58.63
WE19820113A,1/13/1982,41.65,-59.96,13410.4,3/3/1982,40.11,-62.37
WE19820217B,2/17/1982,39.08,-69.46,19456.52,8/23/1982,36.95,-74.42
WE19820312C,3/12/1982,41.24,-63.13,20748.01,12/1/1982,36.79,-74.01
WE19820312D,3/12/1982,41,-57.08,22783.65,5/14/1982,41.16,-58.99
WE19820414F,4/14/1982,38.34,-66.97,30267.89,10/4/1982,37.52,-73.95
WE19820521G,5/21/1982,41.58,-57.6,13579.62,6/16/1982,41.59,-57.58
WE19820616H,6/16/1982,40.55,-59.74,44441.67,6/25/1982,40.25,-58.53
WE19820625I,6/25/1982,40.88,-56.82,10280.8,9/20/1982,39.62,-62.39
WE19820730J,7/30/1982,40.41,-57.53,11924.28,8/9/1982,40.62,-57.4
WE19820913K,9/13/1982,39.46,-65.28,12634.62,9/20/1982,39.96,-65.09
WE19821006L,10/6/1982,39.55,-65.56,50961.06,12/13/1982,38.76,-70.47
WE19821029M,10/29/1982,41.39,-63.42,12101.32,2/14/1983,39.65,-67.87
WE19821029N,10/29/1982,41.38,-60.55,13706.2,10/24/1983,36.86,-74.2
WE19821208O,12/8/1982,42.39,-56.82,17287.18,1/19/1983,42.53,-58.48
WE19821217P,12/17/1982,41.26,-59.03,27207.28,3/2/1983,40.81,-62.76
WE19821229Q,12/29/1982,38.48,-73.37,8354.43,1/14/1983,38.64,-73.41
WE19830114A,1/14/1983,40.6,-63.24,20174.46,9/16/1983,36.68,-74.29
WE19830128B,1/28/1983,41.67,-57.54,12160.12,5/18/1983,40.68,-63.31
WE19830228C,2/28/1983,39.82,-70.87,12459.7,4/27/1983,38.37,-72.6
WE19830323D,3/23/1983,41.1,-61.86,18232.37,4/22/1983,41.3,-62.18
WE19830401E,4/1/1983,41.14,-56.61,8715.6,7/9/1984,39.07,-72.58
WE19830506G,5/6/1983,37.76,-72.91,8560.93,6/8/1983,37.09,-73.85
WE19830601H,6/1/1983,39.83,-63.26,36626.41,6/22/1983,39.89,-62.64
WE19830701I,7/1/1983,41.1,-63.15,18135.69,10/17/1983,41.82,-63.23
WE19830713J,7/13/1983,40.92,-65.24,9573.36,1/11/1984,39.74,-71.71
WE19830801K,8/1/1983,42.41,-56.67,11994.23,11/21/1983,41.9,-61.14
WE19830912L,9/12/1983,40.09,-64.82,9705.5,10/3/1983,40.13,-64.94
WE19830928M,9/28/1983,39.49,-70.11,9287.22,11/21/1983,36.92,-74.34
WE19831003N,10/3/1983,40.8,-58.44,59482.11,11/21/1983,40.5,-58.63
WE19831031O,10/31/1983,40.44,-60.86,44744.13,4/13/1984,41.56,-65.02
WE19840305A,3/5/1984,40.04,-61.23,8448.61,3/19/1984,40,-61.61
WE19840323B,3/23/1984,41.75,-59.09,27137.05,4/30/1984,42.19,-58.95
WE19840323C,3/23/1984,39.31,-65.41,24920.81,5/2/1984,39.43,-64.67
WE19840413D,4/13/1984,40.98,-60.34,29020.73,9/7/1984,41.75,-65.08
WE19840509F,5/9/1984,40.87,-64.35,14782.9,7/11/1984,41.5,-65.39
WE19840509G,5/9/1984,41.49,-56.17,24591.72,6/8/1984,41.29,-58.74
WE19840604H,6/4/1984,39.85,-64.59,17730.38,7/11/1984,40.32,-65.71
WE19840627I,6/27/1984,40.66,-56.38,79220.28,7/20/1984,40.67,-55.74
WE19840706J,7/6/1984,38.88,-66.73,53579.34,10/17/1984,39.35,-72.28
WE19840706K,7/6/1984,40.51,-62.23,27924.16,10/17/1984,41.05,-65.74
WE19840716L,7/16/1984,39.49,-64.47,11974.97,8/3/1984,40.13,-63.94
WE19840803M,8/3/1984,41.68,-60.15,9477.57,11/9/1984,42.52,-60.53
WE19840806N,8/6/1984,43.3,-56.02,16084.65,12/10/1984,42.24,-58.32
WE19840822O,8/22/1984,40.59,-60.85,35611.75,9/7/1984,40.68,-61.64
WE19840907P,9/7/1984,41.56,-56.76,16875.97,7/19/1985,41.01,-62.58
WE19840910Q,9/10/1984,40.12,-67.39,7600.1,10/22/1984,39.79,-66.09
WE19840910R,9/10/1984,39.7,-65.99,8598.12,10/3/1984,39.75,-67.51
WE19840914S,9/14/1984,39.77,-58.24,42448.97,9/24/1984,39.26,-57.69
WE19840917T,9/17/1984,41.37,-61.73,33214.55,8/14/1985,39.35,-71.38
WE19841217U,12/17/1984,41.42,-56.26,50718.59,5/3/1985,42.7,-56.23
WE19850130A,1/30/1985,39.73,-65.47,27766.51,8/9/1985,38.19,-73.04
WE19850422B,4/22/1985,42.65,-59.25,9784.39,7/5/1985,42.73,-57.44
WE19850429C,4/29/1985,40.96,-55.87,30034.03,8/28/1985,40.06,-54.01
WE19850506D,5/6/1985,41.16,-59.64,15318.84,6/10/1985,40.83,-60.14
WE19850506E,5/6/1985,40.67,-63,12397.04,12/9/1985,38.37,-72.94
WE19850529F,5/29/1985,39.86,-62.2,32801.57,6/10/1985,39.21,-63.33
WE19850529G,5/29/1985,40.11,-68.55,7595.35,7/3/1985,39.98,-70.45
WE19850621H,6/21/1985,41.16,-59.35,34356.95,8/30/1985,42.19,-60.73
WE19850703I,7/3/1985,39.5,-67.41,22881.65,10/23/1985,37.85,-73.9
WE19850710J,7/10/1985,41.05,-65.42,4759.77,8/16/1985,41.05,-65.45
WE19850719K,7/19/1985,40.02,-61.4,39320.46,11/18/1985,40.64,-65.26
WE19850726L,7/26/1985,40.37,-58.26,32474.31,7/25/1986,40.76,-66.17
WE19850802M,8/2/1985,42.03,-63.05,10449.11,10/9/1985,40.75,-63.67
WE19850828N,8/28/1985,40.22,-62.17,32917.18,9/20/1985,40.18,-62.02
WE19850930P,9/30/1985,40.52,-58.42,13574.42,10/25/1985,40.7,-58.91
WE19851023Q,10/23/1985,40.01,-67.69,9542.16,11/22/1985,39.85,-70.25
WE19851120R,11/20/1985,38.7,-68,28025.64,12/9/1985,38.38,-68.36
WE19860106A,1/6/1986,40.29,-62.22,16288.99,2/19/1986,40.63,-63.91
WE19860113B,1/13/1986,39.73,-68.07,8613.62,1/24/1986,39.98,-67.62
WE19860221C,2/21/1986,40.48,-66.04,22686.89,10/27/1986,37,-73.64
WE19860303D,3/3/1986,40.91,-58,24913.46,3/19/1986,40.75,-58.87
WE19860409E,4/9/1986,40.88,-58.31,34476.85,9/5/1986,41.21,-62.04
WE19860616F,6/16/1986,40.05,-63.73,22341.75,8/4/1986,39.16,-68.14
WE19860702G,7/2/1986,40.1,-63.93,13249.98,8/4/1986,39.19,-64.72
WE19860718H,7/18/1986,41.7,-57.17,11342.47,10/22/1986,41.74,-59.87
WE19860804I,8/4/1986,39.3,-67.13,21813.45,2/2/1987,36.83,-74.35
WE19860804J,8/4/1986,40.66,-66.49,4285.14,8/22/1986,40.11,-66.39
WE19860806K,8/6/1986,39.7,-69.82,4094.11,8/22/1986,39.45,-69.3
WE19860815L,8/15/1986,39.56,-64.34,29935,12/24/1986,38.61,-72.8
WE19860815M,8/15/1986,42.94,-58.55,9901.37,10/15/1986,42.47,-60.78
WE19860826N,8/26/1986,40.94,-64.32,17275.48,9/3/1986,42.13,-63.56
WE19861020P,10/20/1986,41.12,-62.45,24233.81,3/23/1987,40.19,-67.19
WE19861020Q,10/20/1986,42.44,-61.44,16802.58,12/1/1986,42.59,-62.75
WE19861112S,11/12/1986,41.33,-58.75,8362.29,7/31/1987,36.59,-74.98
WE19861203T,12/3/1986,40.23,-63.13,19211.08,8/10/1987,36.88,-74.34
WE19861203U,12/3/1986,40.63,-60.89,15372.9,12/24/1986,40.32,-61.36
WE19870128A,1/28/1987,40.45,-62.02,20999.14,9/23/1987,39.38,-69.31
WE19870302B,3/2/1987,42.76,-59.63,5988.64,4/6/1987,41.64,-61.79
WE19870318C,3/18/1987,41.66,-58.48,14329.33,5/22/1987,42.3,-61.78
WE19870403D,4/3/1987,38.82,-66.8,53579.79,5/1/1987,39.37,-68.47
WE19870413E,4/13/1987,40.72,-55.43,11991.92,6/10/1987,42.39,-55.42
WE19870420F,4/20/1987,39.73,-63.5,7791.61,5/11/1987,40.52,-63.53
WE19870420G,4/20/1987,39.97,-66.4,6437.71,5/8/1987,40.08,-66.4
WE19870511H,5/11/1987,40.95,-57.4,18829.78,3/11/1988,40.94,-61.96
WE19870529I,5/29/1987,39.62,-68.16,3748.94,10/28/1987,38.85,-71.91
WE19870601J,6/1/1987,39.9,-63.98,9464.97,6/10/1987,40.03,-63.8
WE19870701K,7/1/1987,40.57,-60.74,4793.44,11/23/1987,39.03,-70.05
WE19870722L,7/22/1987,41.22,-60.86,9311.99,12/9/1987,41.42,-64.57
WE19871123M,11/23/1987,40.96,-57.33,14664.27,1/27/1988,40.86,-56.58
WE19871125N,11/25/1987,39.64,-64.32,48675.03,2/26/1988,40.16,-65.59
WE19871223O,12/23/1987,38.53,-67.48,24214.47,2/12/1988,38.9,-67.51
WE19880302A,3/2/1988,39.28,-68.91,7169.56,4/8/1988,38.53,-69.99
WE19880307B,3/7/1988,38.95,-64.85,36955,4/8/1988,39.54,-64.05
WE19880307C,3/7/1988,40.06,-61.65,31759.47,4/13/1988,39.79,-61.97
WE19880401D,4/1/1988,39.3,-66.29,11350.02,9/14/1988,38.14,-73.31
WE19880411E,4/11/1988,38.4,-63.65,27429.71,4/27/1988,39.35,-65.13
WE19880425F,4/25/1988,40.14,-59.82,33045.36,5/23/1988,40.27,-59.86
WE19880425G,4/25/1988,40.73,-62.08,26451.86,5/27/1988,41.41,-61.07
WE19880511H,5/11/1988,40.25,-64.81,22790.54,10/5/1988,39.47,-69.88
WE19880601I,6/1/1988,40.42,-62.26,35990.71,7/13/1988,41.25,-62.24
WE19880615J,6/15/1988,40.85,-55.99,21899.89,8/24/1988,40.6,-55.62
WE19880713K,7/13/1988,40.22,-63.08,38509.98,1/11/1989,37,-74.64
WE19880722L,7/22/1988,40.67,-61.03,35639.65,9/14/1988,41.78,-57.79
WE19880829M,8/29/1988,39.79,-61.65,42615.35,9/14/1988,40.31,-61.36
WE19880923N,9/23/1988,40.7,-58.28,32287.86,9/30/1988,41.08,-57.41
WE19881005O,10/5/1988,41.44,-59.67,16491.87,11/7/1988,41.68,-59.92
WE19881107P,11/7/1988,39.73,-60.94,39769.2,11/14/1988,39.81,-61.14
WE19881116Q,11/16/1988,39.64,-66.4,21884.6,3/10/1989,37.2,-74.35
WE19881121R,11/21/1988,40.39,-56.93,50992.44,1/6/1989,40.67,-60.93
WE19881125S,11/25/1988,39.58,-64.57,12117.51,1/13/1989,39.01,-66.98
WE19881207T,12/7/1988,40.6,-61.66,32294.22,7/19/1989,39.37,-71.74
WE19890109A,1/9/1989,40.41,-58.76,16761.31,5/12/1989,40.41,-65.66
WE19890303B,3/3/1989,41.16,-56.51,30757.44,4/26/1989,42.44,-58.81
WE19890329C,3/29/1989,41.34,-55.61,13646.56,8/28/1989,42.9,-56.02
WE19890428D,4/28/1989,41.19,-58.88,4257.51,5/29/1989,42.59,-57.54
WE19890526F,5/26/1989,41.26,-58.3,35622.82,7/21/1989,41.05,-60.84
WE19890531G,5/31/1989,39.52,-64.18,34485.86,6/19/1989,39.17,-63.69
WE19890612H,6/12/1989,40.12,-65.19,5415.59,6/19/1989,40.34,-64.85
WE19890616I,6/16/1989,42.04,-61.02,6236.72,8/28/1989,41.61,-64.53
WE19890630J,6/30/1989,39.76,-69.85,3757.26,7/24/1989,39.33,-69.62
WE19890724K,7/24/1989,39.23,-67.99,29621.58,1/5/1990,35.94,-74.24
WE19890724L,7/24/1989,42.91,-59.61,8000.43,7/31/1989,42.44,-59.57
WE19890726M,7/26/1989,41.63,-57.84,25131.26,12/29/1989,42.44,-61.35
WE19890726N,7/26/1989,40.52,-66.23,10496.38,8/25/1989,40.01,-67.61
WE19890814O,8/14/1989,39.76,-64.44,45107.67,10/13/1989,39.79,-66.28
WE19890825P,8/25/1989,42.16,-60.76,25951.03,2/19/1990,42.09,-62.86
WE19890908Q,9/8/1989,40.79,-61.52,18406.78,9/20/1989,40.91,-62.72
WE19890920R,9/20/1989,39.55,-67.12,24260.44,1/5/1990,39.9,-66.76
WE19891009S,10/9/1989,40.68,-61.53,18129.04,10/30/1989,39.73,-64.28
WE19891016T,10/16/1989,41.85,-56.83,12085.96,6/18/1990,40.46,-60.68
WE19891113U,11/13/1989,37.96,-73.34,2054.56,2/2/1990,42.05,-55.13
WE19891129V,11/29/1989,39.58,-68.04,10645.44,3/21/1990,38.53,-71.68
WE19900101A,1/1/1990,43.2447,-58.6508,6564.26,4/23/1990,41.7504,-61.4114
WE19900115B,1/15/1990,39.9289,-68.6671,6654.26,3/21/1990,39.338,-70.5638
WE19900214C,2/14/1990,41.2037,-57.9101,29824.63,6/4/1990,40.8165,-64.4641
WE19900219D,2/19/1990,40.6394,-61.1827,28051.98,5/18/1990,40.4099,-66.5044
WE19900223E,2/23/1990,39.3046,-66.8926,11646.31,3/14/1990,39.6494,-68.4937
WE19900423F,4/23/1990,41.6651,-55.6164,15118.48,5/2/1990,41.9748,-55.5399
WE19900507G,5/7/1990,41.5687,-58.3913,3658.61,6/15/1990,42.4496,-59.5654
WE19900516H,5/16/1990,39.2128,-65.8601,19222.46,11/21/1990,36.9173,-74.1331
WE19900530J,5/30/1990,41.094,-56.9621,21746.48,7/27/1990,41.4049,-60.5656
WE19900608K,6/8/1990,40.8414,-63.0037,14615.04,8/1/1990,41.7196,-62.6627
WE19900625L,6/25/1990,39.7176,-62.6865,29517.18,7/2/1990,39.5326,-63.0592
WE19900716M,7/16/1990,42.4961,-56.7034,5090.91,8/10/1990,42.6408,-56.3934
WE19900725N,7/25/1990,40.6501,-63.3036,25688.61,8/24/1990,40.5796,-65.2175
WE19900725O,7/25/1990,40.0917,-60.3412,36461.6,8/31/1990,40.5144,-62.5817
WE19900725P,7/25/1990,40.7035,-56.1552,70873.02,9/21/1990,42.0412,-58.0605
WE19900829Q,8/29/1990,41.7579,-60.228,23582.47,9/21/1990,42.6347,-59.1641
WE19900903R,9/3/1990,40.1837,-65.1516,60085.86,1/28/1991,38.2623,-73.082
WE19900910S,9/10/1990,41.8092,-60.9448,7443.16,9/21/1990,41.5814,-60.3584
WE19901003T,10/3/1990,41.6648,-63.4776,5610.85,7/3/1991,37.1274,-74.5172
WE19901003U,10/3/1990,41.8855,-60.0919,5680.61,5/17/1991,40.7586,-66.25
WE19901003V,10/3/1990,43.1315,-56.4423,3527.41,10/19/1990,42.9939,-56.7284
WE19901008W,10/8/1990,39.5446,-69.7051,8930.84,12/24/1990,37.2631,-74.4683
WE19901026X,10/26/1990,40.6514,-56.1107,71924.65,11/16/1990,40.4825,-55.95
WE19901107Y,11/7/1990,41.8719,-58.2482,21767.18,2/20/1991,42.4164,-61.2233
WE19901130Z,11/30/1990,41.9519,-56.0548,17220.63,12/28/1990,42.6121,-57.2687
WE19901231a,12/31/1990,41.4244,-56.7098,31151.21,7/3/1991,41.166,-58.5389
WE19910118A,1/18/1991,39.73,-64.11,43556.56,8/7/1991,37.98,-73.11
WE19910311B,3/11/1991,37.22,-73.42,11796.57,5/3/1991,36.99,-74.12
WE19910325C,3/25/1991,40.72,-60.38,16770.19,3/2/1992,37.09,-74.19
WE19910329D,3/29/1991,41.67,-55.72,13678.32,6/21/1991,42.53,-60.1
WE19910513E,5/13/1991,39.82,-62.76,61262.71,11/13/1991,39.67,-70.96
WE19910624F,6/24/1991,41.57,-60.74,21512.49,8/2/1991,41.62,-62.68
WE19910809G,8/9/1991,41.18,-58.42,47719.14,9/6/1991,41,-62.87
WE19910821H,8/21/1991,41.37,-57.01,35622.16,9/23/1991,41.38,-56.32
WE19910828I,8/28/1991,41.87,-58.59,29816.98,9/30/1991,40.93,-61.67
WE19910920J,9/20/1991,39.84,-56.72,65301.83,12/9/1991,41.95,-60.39
WE19910925K,9/25/1991,42.23,-60.43,20025.08,10/30/1991,42.58,-59.22
WE19911014L,10/14/1991,39.91,-62.99,30753.73,11/20/1991,39.17,-63.22
WE19911016M,10/16/1991,41.23,-56.46,17641.04,12/9/1991,43.06,-57.57
WE19911213N,12/13/1991,41.64,-57.36,16442.31,5/1/1992,42.37,-57.47
WE19911213O,12/13/1991,40.89,-61.82,48721.93,12/25/1991,40.05,-62.6
WE19911213P,12/13/1991,40.33,-65.53,8140.93,1/13/1992,38.84,-68.82
WE19920101A,1/1/1992,40.51,-60.74,6579.15,1/13/1992,40.78,-60.81
WE19920131B,1/31/1992,40.27,-64.11,14686.02,3/16/1992,40.52,-64.01
WE19920401C,4/1/1992,39.67,-65.52,25894.13,5/29/1992,39.93,-67.45
WE19920422D,4/22/1992,40.88,-63.53,36861.31,5/29/1992,41.9,-62.39
WE19920622E,6/22/1992,40.88,-59.6,45796.83,7/17/1992,41.7,-61.54
WE19920629F,6/29/1992,40.54,-64.39,38446.39,8/31/1992,39.92,-64.72
WE19920729G,7/29/1992,41.66,-64.38,21074.37,9/28/1992,41.66,-64.87
WE19920729H,7/29/1992,41.49,-62.43,10079.8,12/18/1992,39.8,-67.65
WE19920907I,9/7/1992,41.81,-58.72,26729.15,8/13/1993,41.6,-65.12
WE19920921J,9/21/1992,41.65,-57.21,14593.06,10/26/1992,42.7,-58.17
WE19921228K,12/28/1992,41.02,-62.15,10568.57,4/5/1993,40.85,-61.01
WE19930324B,3/24/1993,39.52,-66.24,35039.31,7/16/1993,39.46,-70.12
WE19930405C,4/5/1993,40.71,-64.6,12157.45,12/6/1993,36.63,-74.43
WE19930407D,4/7/1993,42.64,-57.12,11182.94,7/14/1993,41.7,-55.78
WE19930507E,5/7/1993,36.91,-73.11,10740.54,5/14/1993,36.85,-72.49
WE19930707F,7/7/1993,38.9,-71.93,4822.45,9/13/1993,37.82,-74.24
WE19930712G,7/12/1993,41.41,-58.35,17441.29,10/22/1993,42.28,-62.15
WE19930723H,7/23/1993,42.03,-57.09,8553.84,2/21/1994,41.35,-61.4
WE19930730I,7/30/1993,41.02,-62.11,36423.05,12/20/1993,38.73,-68.63
WE19930813J,8/13/1993,40.39,-64.18,13517.23,9/24/1993,39.72,-65.88
WE19930906K,9/6/1993,40.64,-61.61,21773.9,9/22/1993,40.14,-61.07
WE19931025M,10/25/1993,38.93,-71.11,11829.42,12/15/1993,36.97,-73.53
WE19931108N,11/8/1993,41.03,-55.08,15238.65,2/11/1994,42.69,-56.25
WE19931215O,12/15/1993,41.5,-64.85,11945.23,2/25/1994,41.18,-65.71
WE19940103A,1/3/1994,39.45,-66.14,24653.83,8/5/1994,36.52,-74.08
WE19940223B,2/23/1994,40.51,-63.35,55670.11,10/12/1994,36.75,-74.68
WE19940311C,3/11/1994,40.98,-60.2,28378.28,5/6/1994,41.96,-61.72
WE19940411E,4/11/1994,41.47,-63.29,4198.45,4/29/1994,41.62,-63.68
WE19940413F,4/13/1994,41.02,-57.92,27139.51,5/6/1994,40.88,-60.53
WE19940502H,5/2/1994,40.78,-64.54,10838.01,7/13/1994,40.16,-66.45
WE19940506I,5/6/1994,40.64,-61.79,26233.87,5/23/1994,41.51,-61.93
WE19940509J,5/9/1994,41.46,-56.61,21783.81,5/25/1994,41.62,-56.6
WE19940606L,6/6/1994,41.39,-64.7,8464.49,7/8/1994,41.71,-65.49
WE19940606M,6/6/1994,41.89,-57.19,3747.75,6/13/1994,41.2,-55.81
WE19940610N,6/10/1994,42.21,-63.25,2734.11,10/14/1994,40.57,-66.5
WE19940715O,7/15/1994,42.25,-56.63,14587.45,7/27/1994,42.1,-57.16
WE19940725P,7/25/1994,40.71,-61.97,14855.74,8/24/1994,40.36,-61.85
WE19940808Q,8/8/1994,42.07,-57.69,16116.53,8/17/1994,42.12,-57.8
WE19940815R,8/15/1994,39.37,-69.7,9602.91,10/21/1994,37.39,-74.05
WE19940817S,8/17/1994,42.63,-55.8,13799.33,10/28/1994,41.97,-54.35
WE19940923T,9/23/1994,40.85,-60,15228.61,10/14/1994,41.46,-60.68
WE19940930U,9/30/1994,40.89,-62.75,23915.14,12/14/1994,39.06,-66.55
WE19941010V,10/10/1994,41.37,-58.45,25559.85,11/11/1994,40.75,-59.6
WE19941031W,10/31/1994,42.33,-62.85,5113.33,2/15/1995,39.7,-64.1
WE19941125X,11/25/1994,41.06,-57.53,26396.42,3/31/1995,41.59,-60.2
WE19950104A,1/4/1995,39.27,-67.07,38750.9,5/12/1995,36.95,-74.36
WE19950217C,2/17/1995,40.69,-65.71,22204.33,8/18/1995,36.81,-74.39
WE19950310D,3/10/1995,41.99,-56.9,14450.52,4/14/1995,42.54,-57.17
WE19950320F,3/20/1995,41.32,-63.05,15317.57,3/29/1995,41.57,-63.16
WE19950327G,3/27/1995,36.44,-74.29,4627.7,4/26/1995,36.29,-74.63
WE19950410I,4/10/1995,40.58,-63.36,41777.4,8/23/1995,39.47,-71.42
WE19950428J,4/28/1995,40.95,-58.66,18620.31,6/26/1995,41.18,-62.22
WE19950602K,6/2/1995,37.83,-73.44,4683,6/9/1995,37.54,-73.59
WE19950628L,6/28/1995,39.04,-69.56,12611.49,7/5/1995,39.42,-71.26
WE19950703M,7/3/1995,41.01,-63.99,28288.47,9/29/1995,40.17,-66.24
WE19950710N,7/10/1995,42.45,-55.8,19289.83,7/19/1995,42.54,-56.6
WE19950728O,7/28/1995,40.79,-62.65,18590.33,8/18/1995,40.66,-62.64
WE19950809P,8/9/1995,42.33,-57.1,16132.6,9/29/1995,42.52,-55.19
WE19950818Q,8/18/1995,40.77,-60.85,15499.19,8/25/1995,41.25,-59.85
WE19950828R,8/28/1995,39.14,-69.14,9067.1,9/27/1995,39.62,-71.34
WE19951025S,10/25/1995,40,-61,6047.57,12/16/1995,40,-66.5
WE19951030T,10/30/1995,42,-55,7068.58,1/16/1996,42,-59
WE19951223U,12/23/1995,40.5,-63.5,5301.44,2/6/1996,39.5,-66
WE19960124A,1/24/1996,41,-62,15707.96,3/30/1996,39.5,-67
WE19960210B,2/10/1996,39,-71,6361.73,3/20/1996,38.5,-71.5
WE19960403C,4/3/1996,41,-55.5,17671.46,4/17/1996,41,-56
WE19960422D,4/22/1996,38.74,-72.72,3338.78,4/29/1996,37.86,-73.67
WE19960422E,4/22/1996,37.82,-71.67,12236.5,4/29/1996,38.15,-72.11
WE19960422F,4/22/1996,38.95,-71.12,6337.94,5/29/1996,38.52,-72.51
WE19960422G,4/22/1996,39.04,-68.12,8846.46,5/17/1996,38.12,-67.97
WE19960422H,4/22/1996,40.44,-63.91,12319.08,4/29/1996,40.47,-65.13
WE19960422I,4/22/1996,41.26,-62.03,5865.47,4/29/1996,40.39,-60.83
WE19960515K,5/15/1996,39.2,-66.68,35618.98,7/17/1996,39.58,-69.08
WE19960517L,5/17/1996,42.12,-58.35,6374.68,7/24/1996,40.65,-64.27
WE19960603M,6/3/1996,37.87,-73.17,2375.01,6/14/1996,38.31,-73.14
WE19960603N,6/3/1996,39.49,-71.23,6299.34,6/26/1996,38.26,-73.29
WE19960621O,6/21/1996,41.92,-58.02,7352.88,5/19/1997,36.67,-74.23
WE19960715P,7/15/1996,39.25,-67.74,8599.88,10/21/1996,39.09,-71.95
WE19960816R,8/16/1996,40.31,-63.07,29796.26,9/6/1996,39.94,-64.55
WE19961004S,10/4/1996,38.78,-64.95,10804.84,10/21/1996,38.69,-67.71
WE19961016T,10/16/1996,41.09,-56.13,31546.52,3/3/1997,40.59,-59.65
WE19961101U,11/1/1996,40.66,-61.75,36414.34,2/5/1997,38.4,-65.9
WE19961127V,11/27/1996,40.56,-60.39,34105.26,4/25/1997,38.97,-66.48
WE19970210A,2/10/1997,40.0848,-61.697,5033.79,2/19/1997,39.8035,-62.1237
WE19970303B,3/3/1997,41.8546,-59.0742,5643.95,3/17/1997,41.8121,-59.8207
WE19970328C,3/28/1997,40.7924,-61.2244,8351.23,5/23/1997,41.2152,-61.1257
WE19970331D,3/31/1997,41.4278,-59.4405,7006.99,4/9/1997,41.391,-59.639
WE19970416E,4/16/1997,41.4944,-58.9775,14325.88,5/9/1997,41.4434,-58.4958
WE19970505F,5/5/1997,39.2515,-65.6118,41734.96,10/31/1997,36.2654,-74.5566
WE19970507G,5/7/1997,40.8745,-56.5934,23694.71,6/9/1997,42.1478,-56.5824
WE19970528H,5/28/1997,39.2499,-65.4609,3568.43,6/9/1997,39.7713,-66.9912
WE19970530I,5/30/1997,40.6425,-63.4715,40857.52,6/27/1997,40.12,-67.1442
WE19970611J,6/11/1997,40.9347,-56.5922,60339.82,7/2/1997,40.706,-57.7167
WE19970707K,7/7/1997,39.7085,-66.0719,20784.51,10/3/1997,39.1838,-68.555
WE19970707L,7/7/1997,41.4277,-60.5614,3708.14,8/1/1997,41.5346,-60.8717
WE19970709M,7/9/1997,41.0132,-58.4319,15902.95,9/26/1997,40.7207,-59.0649
WE19970804N,8/4/1997,40.4303,-61.8471,27320.06,9/26/1997,40.848,-61.4206
WE19970808O,8/8/1997,41.0709,-64.347,12422.29,9/19/1997,40.8176,-65.2947
WE19970908P,9/8/1997,39.93,-64.1732,39276.6,11/19/1997,38.9616,-68.1615
WE19970908Q,9/8/1997,41.3707,-57.2096,26976.02,11/7/1997,41.4743,-59.2484
WE19970929R,9/29/1997,40.5048,-63.3016,28551.22,12/19/1997,39.0769,-68.2169
WE19971013S,10/13/1997,39.1077,-68.3811,32263.34,3/2/1998,36.4907,-74.04
WE19971029T,10/29/1997,41.6756,-56.9298,11372.38,12/5/1997,42.2361,-57.5072
WE19971103U,11/3/1997,40.5891,-60.5073,23219.83,11/21/1997,40.7138,-60.6081
WE19971201V,12/1/1997,40.6951,-63.417,13406.13,2/13/1998,39.0668,-64.945
WE19971207W,12/7/1997,40.7653,-58.8195,32455.67,3/4/1998,39.6631,-64.1407
WE19980109B,1/9/1998,41.5,-56.88,24957.93,1/30/1998,41.29,-56.25
WE19980223C,2/23/1998,41.04,-56.37,16201.35,5/20/1998,40.76,-59.53
WE19980408D,4/8/1998,39.29,-66,13033.45,8/12/1998,37.28,-73.49
WE19980408E,4/8/1998,41.23,-62.2,8301.99,5/18/1998,41.77,-63.28
WE19980501G,5/1/1998,40.48,-60.93,15511.35,5/8/1998,40.59,-60.99
WE19980520H,5/20/1998,40.95,-57.84,19490.33,7/13/1998,40.5,-59.75
WE19980525I,5/25/1998,38.04,-71.95,10140.08,6/17/1998,38.9,-72.16
WE19980527J,5/27/1998,40.83,-60.57,6926.88,6/5/1998,41.13,-60.65
WE19980706K,7/6/1998,40.21,-66.31,9089.01,8/14/1998,40.19,-67.56
WE19980710L,7/10/1998,41.24,-63.91,30414.63,8/12/1998,39.97,-65.46
WE19980727M,7/27/1998,39.06,-70.8,7808.81,10/5/1998,38.43,-72.59
WE19980727N,7/27/1998,40.58,-55.68,8858.46,9/25/1998,41.15,-59.14
WE19980803O,8/3/1998,41.98,-59.67,10269.5,9/4/1998,41.52,-60.75
WE19980824P,8/24/1998,39.3,-65.98,19211.51,10/26/1998,38.99,-70.9
WE19980925Q,9/25/1998,42,-61.54,2919,10/9/1998,41.62,-62
WE19981009R,10/9/1998,38.95,-67.49,23970.75,4/7/1999,37.02,-74.33
WE19981012S,10/12/1998,40.83,-60.56,24237.75,11/23/1998,40.87,-60.82
WE19981016T,10/16/1998,39.97,-65.72,22349.66,12/14/1998,40.04,-66.58
WE19981026U,10/26/1998,40.5,-62.69,38630.01,12/4/1998,40.28,-61.97
WE19981125V,11/25/1998,40.62,-56.72,16753.59,12/4/1998,40.62,-56.78
WE19981221W,12/21/1998,39.94,-65.64,35377.88,7/19/1999,35.89,-74.97
WE19981228X,12/28/1998,40.7,-62.34,28678.3,3/31/1999,41.9,-63.59
WE19990208A,2/8/1999,41.59,-56.97,28216.44,8/13/1999,41.1,-61.73
WE19990217B,2/17/1999,40.22,-64.64,39453.36,10/11/1999,36.29,-74.87
WE19990329C,3/29/1999,40.67,-62.78,30180.28,6/11/1999,41.92,-63.87
WE19990606D,6/6/1999,39.78,-67.31,15075.6,10/29/1999,37.41,-74.33
WE19990609E,6/9/1999,39.86,-64.29,50877.51,12/3/1999,38.56,-72.48
WE19990611F,6/11/1999,40.39,-62.57,10344.99,6/28/1999,40.12,-63.2
WE19990618G,6/18/1999,39.42,-63.1,11760.81,6/30/1999,39.16,-62.51
WE19990621H,6/21/1999,41.76,-56.91,5571.4,7/2/1999,41.73,-57.16
WE19990621I,6/21/1999,41.53,-64.42,16782.49,8/23/1999,41.79,-65.23
WE19990621J,6/21/1999,42.13,-62.26,8008.89,8/9/1999,42.41,-62.99
WE19990712K,7/12/1999,41.82,-58.09,2826.99,11/5/1999,42.21,-62.62
WE19990823L,8/23/1999,40.69,-64.19,22080.74,12/31/1999,39.87,-68.05
WE19990827M,8/27/1999,40.34,-60.64,14758.88,9/6/1999,40.79,-59.88
WE19990901N,9/1/1999,42.48,-64,4553.23,9/27/1999,41.77,-64.26
WE19990927O,9/27/1999,41.22,-59.91,6115,10/22/1999,40.29,-58.6
WE19991020P,10/20/1999,41.63,-65.04,10799.28,11/5/1999,41.23,-65.13
WE19991025Q,10/25/1999,40.55,-62.33,40682.53,12/31/1999,40.73,-64.87
WE19991108R,11/8/1999,41.89,-56.4,29257.74,12/31/1999,42.35,-58.41
WE19991203S,12/3/1999,40.84,-59.03,5181.64,12/10/1999,40.83,-59.09
WE19991210T,12/10/1999,40.89,-61.54,7476.48,12/31/1999,40.65,-61.94
WE20000110F,1/10/2000,42.86,-55.92,5269.09,2/7/2000,43.05,-56.06
WE20000117G,1/17/2000,38.21,-72.33,29625.83,2/28/2000,37.42,-74.2
WE20000306H,3/6/2000,40.43,-64.12,7124.88,10/16/2000,38.78,-72.95
WE20000228I,2/28/2000,42.11,-57.25,7337.59,3/20/2000,42.04,-57.26
WE20000313J,3/13/2000,40.92,-66.04,8774.54,3/27/2000,40.38,-66.36
WE20000410K,4/10/2000,42.72,-56.69,7521.35,5/10/2000,42.51,-56.69
WE20000417L,4/17/2000,40.48,-58,51917.66,6/30/2000,41.5,-55.43
WE20000510M,5/10/2000,40.53,-61.02,48685.12,5/24/2000,40,-58.95
WE20000524N,5/24/2000,40.96,-62.12,11775.59,7/7/2000,41.11,-65.49
WE20000616O,6/16/2000,41.2,-61.72,32980.72,11/27/2000,38.5,-73.33
WE20000630P,6/30/2000,41.68,-60.69,6130.13,7/7/2000,41.6,-60.59
WE20000630Q,6/30/2000,41.08,-56.75,28911.64,7/14/2000,41.03,-56.98
WE20000707R,7/7/2000,40.83,-61.11,36648.35,1/31/2001,42.07,-61.48
WE20000804S,8/4/2000,41.43,-61.85,15368.69,8/11/2000,41.6,-62
WE20000811T,8/11/2000,40.36,-61.07,36453.04,9/11/2000,41.27,-59.93
WE20000811U,8/11/2000,41.81,-55.79,35458.13,9/1/2000,42.3,-55.26
WE20000825V,8/25/2000,41.39,-63.7,4660.28,10/30/2000,39.37,-66.88
WE20000911W,9/11/2000,41.22,-65.02,6406.12,9/25/2000,38.22,-73.52
WE20000911X,9/11/2000,42.48,-58.88,18097.47,10/2/2000,42.61,-59.11
WE20000925Y,9/25/2000,36.37,-74.87,2615.98,10/2/2000,36.16,-74.95
WE20001002Z,10/2/2000,41,-63.18,7686.22,11/27/2000,42,-64.41
WE20001002a,10/2/2000,42.03,-57.53,11125.26,10/16/2000,41.9,-57.45
WE20001002b,10/2/2000,42.36,-55.22,9810.67,12/18/2000,42.56,-57.38
WE20001106c,11/6/2000,40.73,-63.43,30982.89,7/16/2001,37,-73.94
WE20001127d,11/27/2000,37.54,-74.07,3403.88,12/4/2000,37.4,-74.01
WE20001103e,11/3/2000,42.33,-56.65,22783.67,11/27/2000,43.03,-55.85
WE20001127f,11/27/2000,42.55,-57.4,19712.49,12/18/2000,42.07,-57.59
WE20010101B,1/1/2001,40.58,-62.88,13138.35,2/9/2001,41.68,-64.15
WE20010205D,2/5/2001,40.29,-64.18,36846.84,3/16/2001,40.57,-64.62
WE20010216E,2/16/2001,40.95,-55.24,12680.2,4/18/2001,41.45,-55.13
WE20010427F,4/27/2001,39.35,-68.26,23619.26,11/14/2001,36.71,-74.7
WE20010430G,4/30/2001,38.96,-70.85,5872.01,7/2/2001,39.38,-71.88
WE20010430H,4/30/2001,39.39,-65.23,7656.35,5/21/2001,38.7,-65.4
WE20010504I,5/4/2001,42.34,-57.62,13297.05,6/25/2001,41.91,-58.14
WE20010504J,5/4/2001,40.78,-56.48,19013.29,8/8/2001,42.38,-60.62
WE20010507K,5/7/2001,39.51,-64.25,4008.8,5/25/2001,39.48,-64.28
WE20010525L,5/25/2001,40.66,-60.97,16308,8/29/2001,40.4,-62.5
WE20010525M,5/25/2001,41.45,-60.09,6484.18,6/8/2001,41.79,-60.01
WE20010601N,6/1/2001,40.43,-63.4,12040.37,6/25/2001,40.54,-64.12
WE20010601O,6/1/2001,38.61,-72.74,2992.3,7/2/2001,38.83,-72.55
WE20010608P,6/8/2001,38.06,-71.45,5281.8,6/15/2001,38.07,-71.41
WE20010618Q,6/18/2001,39.98,-71.52,4802.59,7/2/2001,40.06,-71.31
WE20010625R,6/25/2001,38.35,-70.11,2530.29,7/2/2001,38.38,-70.1
WE20010625S,6/25/2001,39.83,-66.42,12859.75,8/8/2001,40.16,-67.3
WE20010625T,6/25/2001,41.59,-56.86,6511.47,8/22/2001,40.69,-58.28
WE20010702U,7/2/2001,41.43,-63.72,4249.66,9/5/2001,40.81,-64.54
WE20010702V,7/2/2001,42,-56.59,4646.85,7/9/2001,42,-56.54
WE20010716W,7/16/2001,40.3,-65.84,6389.69,11/7/2001,39.48,-65.69
WE20010730X,7/30/2001,41.15,-60.72,20809.07,9/12/2001,42.04,-61.41
WE20010730Y,7/30/2001,43.46,-57.74,18512.42,8/8/2001,43.48,-57.72
WE20010808Z,8/8/2001,39.19,-68.33,22919.5,4/25/2002,37.29,-74.25
WE20010808a,8/8/2001,41.01,-59.15,15362.11,10/24/2001,40.66,-59.48
WE20010829b,8/29/2001,42.24,-58.41,9744.09,9/26/2001,41.9,-56.74
WE20010905c,9/5/2001,39.14,-66.82,32334.39,11/28/2001,38.87,-68.55
WE20010912d,9/12/2001,41.83,-64.39,10675.19,10/3/2001,41.78,-64.28
WE20010912e,9/12/2001,40.09,-61.51,30078.25,12/5/2001,39.76,-63.42
WE20011010f,10/10/2001,41.64,-56.59,30792.96,6/3/2002,42.32,-61.14
WE20011107g,11/7/2001,38.16,-72.95,10900.7,12/12/2001,36.61,-73.92
WE20011107h,11/7/2001,42.25,-58.96,6367.59,2/13/2002,40.48,-62.88
WE20011205i,12/5/2001,40.38,-66.58,5487.07,1/16/2002,39.66,-68.31
WE20011205j,12/5/2001,42.01,-64.18,7092.48,2/13/2002,41.75,-64.61
WE20011008k,10/8/2001,41.98,-61.96,8963.1,10/17/2001,41.97,-61.83
WE20011010l,10/10/2001,40.14,-62.2,52872.57,12/5/2001,40.28,-62.13
WE20020116F,1/16/2002,38.94,-70.92,13229.52,1/30/2002,38.7,-70.8
WE20020116G,1/16/2002,40.51,-58.57,18287.93,2/20/2002,40.32,-60.8
WE20020206H,2/6/2002,38.7,-69.45,8789.84,7/15/2002,36.13,-74.65
WE20020220I,2/20/2002,40.15,-64.58,30700.56,10/9/2002,37.91,-73.57
WE20020311J,3/11/2002,41.1,-62.63,4587.34,4/30/2002,40.87,-61.19
WE20020318K,3/18/2002,40.97,-63.45,4150.2,7/1/2002,39.71,-66.04
WE20020318L,3/18/2002,40.96,-56.55,28998.41,6/12/2002,42.37,-57.94
WE20020513M,5/13/2002,42.27,-57.71,2304.38,5/27/2002,40.65,-58.57
WE20020527N,5/27/2002,41.09,-60.8,24181.22,6/17/2002,41.5,-60.66
WE20020624O,6/24/2002,41.29,-63.76,5017.43,9/4/2002,41.37,-63.66
WE20020708P,7/8/2002,38.95,-69.95,5149,9/25/2002,39.21,-72.18
WE20020715Q,7/15/2002,41.96,-62.01,13159.32,7/31/2002,41.99,-62.02
WE20020731R,7/31/2002,40.39,-57.96,54297.38,8/21/2002,40.88,-58.97
WE20020807S,8/7/2002,39.37,-62.73,47849.06,8/14/2002,39.33,-62.78
WE20020814T,8/14/2002,42.08,-57.15,13060.94,9/4/2002,42.13,-57.91
WE20020814U,8/14/2002,40.37,-66.98,10025.65,1/10/2003,37.49,-73.1
WE20020821V,8/21/2002,40.61,-63.65,11794.28,10/2/2002,41.03,-65.03
WE20020821W,8/21/2002,41,-56.07,10599.9,10/2/2002,41.6,-56.71
WE20020828X,8/28/2002,40.97,-61.05,2904.13,9/4/2002,41,-61.16
WE20020911Y,9/11/2002,37.08,-74.31,1581.87,10/9/2002,36.64,-74.25
WE20020911Z,9/11/2002,40.59,-63.17,24668.84,10/2/2002,40.5,-63.78
WE20020911a,9/11/2002,41.02,-59.28,22777.11,10/16/2002,40.55,-60.67
WE20020925b,9/25/2002,38.32,-71.39,17291.61,12/27/2002,37.16,-74.18
WE20020925c,9/25/2002,41.03,-57.78,11802,10/9/2002,40.82,-57
WE20021002d,10/2/2002,40.97,-54.96,12031.92,10/16/2002,40.87,-55.11
WE20021023e,10/23/2002,41.85,-57.85,6959.69,11/3/2002,41.7,-57.51
WE20021106f,11/6/2002,41.35,-60.49,16698.76,12/11/2002,41.17,-60.37
WE20021127g,11/27/2002,38.25,-72,8038.12,12/11/2002,38,-71.69
WE20020125h,1/25/2002,39.94,-59.23,48730.67,2/20/2002,40.48,-60.73
WE20020501i,5/1/2002,40.53,-62.55,43254.84,7/1/2002,40,-64
WE20020708j,7/8/2002,41,-64,17671.46,9/4/2002,41.5,-72.5
WE20020913k,9/13/2002,40,-66,31415.93,1/10/2003,38,-74.5
WE20030110B,1/10/2003,37.65,-73.81,2885.95,3/7/2003,36.33,-74.69
WE20030221C,2/21/2003,40.68,-59.58,11648.01,2/28/2003,40.66,-59.52
WE20030228D,2/28/2003,41.35,-62.68,5729.6,6/4/2003,41.45,-64.32
WE20030328E,3/28/2003,38.95,-66.37,23503.92,7/25/2003,39.3,-71.74
WE20030328F,3/28/2003,41.62,-56.46,14620.37,6/4/2003,40.26,-56.93
WE20030414G,4/14/2003,39.85,-65.19,35361.77,7/25/2003,40.16,-65.93
WE20030414H,4/14/2003,40.31,-62.03,25796.62,9/22/2003,40.02,-62.35
WE20030505I,5/5/2003,39.57,-66.54,3774.01,6/4/2003,39.81,-68.63
WE20030503J,5/3/2003,42.62,-55.54,6429.13,5/21/2003,42.56,-55.79
WE20030521K,5/21/2003,41.63,-58.84,4284.36,5/28/2003,41.67,-58.84
WE20030521L,5/21/2003,41.14,-55.47,5487.02,6/4/2003,41.19,-55.41
WE20030528M,5/28/2003,38.7,-65.69,36083.9,8/15/2003,39.34,-66.85
WE20030604N,6/4/2003,41.7,-60.52,13384.3,7/9/2003,41.47,-61.33
WE20030604O,6/4/2003,41.14,-58.39,18844.72,7/16/2003,41.24,-59.23
WE20030611P,6/11/2003,41.86,-57.1,4361.25,9/29/2003,42.84,-57.48
WE20030618Q,6/18/2003,43.1,-59.76,6767.86,9/8/2003,42.39,-61.92
WE20030618R,6/18/2003,43.19,-56.9,15537.35,7/16/2003,43.2,-56.91
WE20030709S,7/9/2003,38.65,-65.57,9695.41,7/25/2003,38.49,-65.75
WE20030709T,7/9/2003,39.1,-68.78,14733.39,12/1/2003,36.8,-74.49
WE20030716U,7/16/2003,41.95,-63.62,9290.47,8/8/2003,41.5,-63.3
WE20030716V,7/16/2003,43.09,-55.19,6464.77,8/15/2003,42.74,-55.35
WE20030725W,7/25/2003,40.9,-64.58,2599.06,8/25/2003,39.65,-65.48
WE20030725X,7/25/2003,41,-61.34,28657.12,12/31/2003,40.53,-61.72
WE20030801Y,8/1/2003,35.88,-74.81,3174.54,8/25/2003,35.92,-74.81
WE20030808Z,8/8/2003,38.13,-70.4,6143.73,8/15/2003,38.07,-70.43
WE20030808a,8/8/2003,39.63,-68.6,5251.64,9/1/2003,38.95,-69.29
WE20030808b,8/8/2003,41.14,-65.06,6083.1,10/27/2003,41.41,-65.35
WE20030825c,8/25/2003,39.43,-67.48,20862.24,1/9/2004,38.2,-71.39
WE20030915d,9/15/2003,39.66,-64.52,34295.33,10/27/2003,38.57,-66.01
WE20030915e,9/15/2003,41.52,-56.37,8374.11,9/29/2003,41.27,-56.32
WE20030922f,9/22/2003,39.58,-60,55026.78,10/20/2003,40.69,-61.74
WE20030929g,9/29/2003,39.83,-67.48,9319.65,11/17/2003,39.53,-69.58
WE20030929h,9/29/2003,41.25,-58.59,30391.56,10/20/2003,41.3,-58.88
WE20031013i,10/13/2003,42.45,-56.77,19124.32,9/24/2004,37.5,-74.01
WE20031201j,12/1/2003,39.54,-63.92,74839.05,3/24/2004,39.43,-68.65
WE20031231k,12/31/2003,40.33,-63.51,16380.44,3/10/2004,38.89,-64.52
WE20031231l,12/31/2003,41.96,-63.55,9488.24,1/23/2004,41.76,-63.69
WE20030228n,2/28/2003,40.5,-59,37699.11,4/14/2003,39.5,69
WE20030514m,5/14/2003,40.54,-61.11,61050.23,7/11/2003,40.44,-63.46
WE20030711o,7/11/2003,40,-64,31415.93,9/22/2003,40,64
WE20030804p,8/4/2003,39.83,-64.86,11651.61,8/25/2003,39.5,65
WE20030806q,8/6/2003,38.38,-65.29,6935.75,8/25/2003,39,74.5
WE20040109F,1/9/2004,35.98,-74.54,2785.63,2/6/2004,35.94,-74.88
WE20040206G,2/6/2004,39.34,-59.98,33986.75,3/10/2004,38.98,-60.22
WE20040225H,2/25/2004,39.92,-67.54,7564.65,4/7/2004,40.02,-66.57
WE20040317I,3/17/2004,39.93,-68.25,4982.36,4/21/2004,39.74,-68.36
WE20040317J,3/17/2004,40.93,-60.81,5425.52,5/5/2004,40.75,-61.36
WE20040324K,3/24/2004,39.14,-70.92,19632.82,8/6/2004,36.86,-74.1
WE20040407L,4/7/2004,41.67,-57.52,4772.12,9/27/2004,40.31,-58.33
WE20040421O,4/21/2004,38.38,-71.74,4344.94,6/4/2004,37.33,-74
WE20040421P,4/21/2004,38.38,-68.23,13175.17,4/28/2004,38.38,-68.15
WE20040421Q,4/21/2004,41.88,-60.59,6901.81,6/11/2004,40.92,-60.18
WE20040421R,4/21/2004,39.58,-68.69,5071.25,10/8/2004,36.91,-74.47
WE20040430S,4/30/2004,39.27,-67.09,2509.53,5/14/2004,38.97,-67.49
WE20040505T,5/5/2004,38,-70.66,4439.75,5/21/2004,38.48,-69.95
WE20040521U,5/21/2004,41.49,-56.43,6459.7,7/26/2004,41.27,-56.46
WE20040528V,5/28/2004,38.56,-70.89,10877.5,6/21/2004,38.34,-72.27
WE20040604W,6/4/2004,36.38,-75,7402.2,6/11/2004,36.51,-75.08
WE20040604X,6/4/2004,39.23,-63.04,91598.23,11/22/2004,39.23,-68.14
WE20040611Y,6/11/2004,36.08,-74.26,2463.31,6/21/2004,36.15,-74.28
WE20040621Z,6/21/2004,35.78,-75,2481.68,7/12/2004,35.96,-74.92
WE20040621a,6/21/2004,39.78,-65.74,27635.1,1/17/2005,37.08,-74.37
WE20040705b,7/5/2004,39.65,-68.24,6521.55,7/12/2004,39.62,-68.27
WE20040712c,7/12/2004,37.86,-72.56,4111.42,8/6/2004,37.37,-73.17
WE20040712d,7/12/2004,39.56,-70.13,4220.38,7/26/2004,39.72,-70.53
WE20040719e,7/19/2004,38.74,-69.4,8972.69,11/5/2004,41.33,-61.44
WE20040806f,8/6/2004,39.95,-61.14,53141.24,8/13/2004,40.08,-61.35
WE20040806g,8/6/2004,43.82,-55.53,3302.5,9/17/2004,43.42,-55.61
WE20040903h,9/3/2004,41.59,-57.51,17250.39,9/10/2004,41.64,-57.65
WE20040910i,9/10/2004,41.99,-55.91,24977.67,2/7/2005,41.98,-58.47
WE20041001j,10/1/2004,41.19,-63.67,25612.1,12/6/2004,41.18,-65.27
WE20041001k,10/1/2004,42.7,-59.28,7936.28,10/8/2004,42.69,-59.33
WE20041105l,11/5/2004,40.24,-66.62,12516.05,6/24/2005,36.04,-74.41
WE20041115m,11/15/2004,40.15,-62.59,8268.62,11/22/2004,40.16,-62.59
WE20041206n,12/6/2004,38.82,-70.18,15814.53,1/17/2005,38.55,-71.41
WE20041213o,12/13/2004,40.76,-58.55,16012.09,5/9/2005,40.64,-62.44
WE20041227p,12/27/2004,39.27,-63.53,51830.77,6/20/2005,38.29,-72.38
WE20040514q,5/14/2004,40.75,-61.18,37139.18,6/11/2004,40.93,-60.29
WE20050103A,1/3/2005,37.27,-74.31,1680.55,1/10/2005,37.38,-74.28
WE20050307H,3/7/2005,37.55,-73.62,2252.12,3/28/2005,37.03,-74.16
WE20050321I,3/21/2005,39.27,-65.01,17969.2,5/2/2005,40.34,-67.57
WE20050404J,4/4/2005,41.69,-56.82,8953.59,4/25/2005,41.42,-56.51
WE20050418K,4/18/2005,40.85,-62.88,21183.69,5/16/2005,42.27,-62.55
WE20050502L,5/2/2005,37.66,-71.06,17358.03,7/6/2005,36.75,-72.1
WE20050502M,5/2/2005,39.71,-69.51,4299.1,5/16/2005,39.7,-69.82
WE20050502N,5/2/2005,40.48,-66.75,5285.83,5/16/2005,40.56,-66.56
WE20050502O,5/2/2005,41.62,-58.7,8158.14,6/20/2005,41.69,-57.58
WE20050509P,5/9/2005,38.96,-72.11,9381.64,6/13/2005,37.59,-73.7
WE20050516Q,5/16/2005,40.31,-64.28,25393.18,10/5/2005,38.61,-67.14
WE20050516R,5/16/2005,41.96,-63.39,7223.36,7/6/2005,40.85,-63.51
WE20050516S,5/16/2005,41.27,-61.73,6106.27,5/30/2005,41.55,-61.01
WE20050523T,5/23/2005,38.67,-70.21,9547.9,6/6/2005,38.69,-70.37
WE20050523U,5/23/2005,39.35,-67.52,40438.58,11/7/2005,39.62,-71.03
WE20050606V,6/6/2005,41.1,-58.97,33827.2,6/13/2005,41.27,-59.28
WE20050606W,6/6/2005,39.63,-70.52,7459.78,8/24/2005,38.2,-72.66
WE20050606X,6/6/2005,39.69,-63.11,15648.49,6/13/2005,39.69,-62.99
WE20050606Y,6/6/2005,41.11,-58.93,32087.08,8/31/2005,41.04,-58.98
WE20050613Z,6/13/2005,40.89,-55.58,9547.44,7/20/2005,40.82,-56.76
WE20050624a,6/24/2005,41.42,-65.06,3193.97,10/24/2005,40.97,-65.55
WE20050706b,7/6/2005,38.37,-70.33,7917.27,9/28/2005,37.83,-72.38
WE20050713c,7/13/2005,37.96,-72.85,4746.67,10/17/2005,37.69,-73.81
WE20050720d,7/20/2005,39.69,-69.94,6753.36,8/24/2005,39.31,-71.5
WE20050720e,7/20/2005,41.5,-60.5,7971.38,8/31/2005,42.08,-58.82
WE20050727f,7/27/2005,40.86,-63.55,9177.05,8/24/2005,41.43,-63.71
WE20050729g,7/29/2005,41.67,-57.85,13881.03,8/10/2005,41.64,-57.9
WE20050803h,8/3/2005,39.18,-64.59,17526.75,8/31/2005,40,-65.3
WE20050824i,8/24/2005,42.18,-62.66,13953.85,9/14/2005,42.19,-62.55
WE20050824j,8/24/2005,41.62,-55.38,13792.95,9/28/2005,42.07,-54.98
WE20050831k,8/31/2005,43.31,-57.34,7613.79,5/3/2006,40.54,-62.97
WE20050907l,9/7/2005,40.51,-61.59,41643.81,11/14/2005,41.1,-64.17
WE20050907m,9/7/2005,41.18,-58.36,45157.07,9/21/2005,41.07,-58.93
WE20050921n,9/21/2005,39.84,-66.57,10345.58,12/19/2005,39.48,-67.05
WE20050928o,9/28/2005,41.71,-61.64,18088.76,11/7/2005,41.68,-61.5
WE20051012p,10/12/2005,41.46,-56.25,8549.82,11/7/2005,41.45,-56.31
WE20051028q,10/28/2005,42.83,-60.21,8115.59,11/30/2005,42.11,-60.31
WE20051107r,11/7/2005,39.39,-68.47,14721.9,3/17/2006,36.18,-74.47
WE20051107s,11/7/2005,40.72,-60.19,31089.42,4/12/2006,39.74,-70.95
WE20051114t,11/14/2005,40.69,-57.31,17414.59,11/28/2005,40.88,-57.34
WE20051128u,11/28/2005,39.47,-64.89,37215.53,3/10/2006,38.47,-69.54
WE20060130E,1/30/2006,40.58,-59.02,17859.95,2/13/2006,40.42,-59.05
WE20060220F,2/20/2006,42.03,-56.53,10050.86,4/12/2006,41.79,-56.64
WE20060303G,3/3/2006,39.75,-64.48,30906.61,5/24/2006,38.69,-66.14
WE20060329H,3/29/2006,39.95,-57.6,53764.42,5/10/2006,41.38,-58.46
WE20060405I,4/5/2006,38.03,-71.38,9725.41,5/3/2006,37.61,-72.71
WE20060412J,4/12/2006,38.64,-67.46,45581.15,5/31/2006,39.49,-69.24
WE20060419K,4/19/2006,39.89,-67.13,10221.05,5/24/2006,39.22,-67.63
WE20060419L,4/19/2006,40.54,-60.52,7436.69,6/21/2006,40.56,-60.92
WE20060503M,5/3/2006,40.28,-64.81,6662.06,5/31/2006,40.88,-65.26
WE20060517N,5/17/2006,42.16,-56.43,22004.83,10/18/2006,41.37,-63.14
WE20060531O,5/31/2006,37.04,-74.18,7348.99,6/28/2006,36.39,-74.39
WE20060531P,5/31/2006,38.17,-73.31,3224.41,8/21/2006,36.13,-74.52
WE20060531Q,5/31/2006,39.8,-71.3,5240.96,9/20/2006,37.68,-73.87
WE20060607R,6/7/2006,39.54,-65.85,32378.28,7/12/2006,40.03,-66.71
WE20060607S,6/7/2006,40.3,-63.66,30136.56,7/21/2006,41.18,-62.51
WE20060614T,6/14/2006,42.5,-55.5,8055.85,6/28/2006,42.31,-55.66
WE20060621U,6/21/2006,41.22,-63.72,14509.87,8/21/2006,40.34,-64.5
WE20060621V,6/21/2006,40.91,-58.98,33587.3,6/28/2006,41.04,-59.1
WE20060628W,6/28/2006,40.79,-56.79,11368.48,9/20/2006,41.45,-58.18
WE20060705X,7/5/2006,41.4,-65.12,11060.02,9/6/2006,40.64,-66.38
WE20060721Y,7/21/2006,39.63,-70.74,2643.82,9/13/2006,38.62,-72.37
WE20060728Z,7/28/2006,41.67,-60.87,7639.46,8/4/2006,41.66,-60.8
WE20060811a,8/11/2006,42.1,-60.53,9558.27,8/21/2006,42.21,-60.51
WE20060830b,8/30/2006,39.75,-68.68,10854.46,10/4/2006,39.87,-68.4
WE20060913c,9/13/2006,39.6,-71.56,5300.08,10/25/2006,38.17,-73.62
WE20060920d,9/20/2006,39.91,-70.49,10911.54,11/1/2006,39.7,-71.25
WE20061004e,10/4/2006,39,-71.38,6220.57,10/11/2006,39.06,-71.39
WE20061011f,10/11/2006,41.25,-61.94,11263.81,11/1/2006,40.77,-61.36
WE20061011g,10/11/2006,42.63,-57.96,12747.28,10/25/2006,42.72,-58.17
WE20061011h,10/11/2006,41.78,-56,8745.27,11/1/2006,41.39,-55.77
WE20061025i,10/25/2006,36.82,-74.27,5949.28,11/8/2006,36.21,-74.68
WE20061025j,10/25/2006,42.24,-59.27,14359.61,11/15/2006,42.22,-59.68
WE20061101k,11/1/2006,39.13,-72.22,6286.11,11/8/2006,39.13,-72.21
WE20061101l,11/1/2006,40.12,-66.19,12284.11,2/26/2007,36.92,-74.4
WE20061108m,11/8/2006,37.14,-74.44,7820.34,11/22/2006,37.06,-74.58
WE20061108n,11/8/2006,38.38,-73.37,4807.26,11/15/2006,38.46,-73.45
WE20061122o,11/22/2006,41.05,-64.44,17332.16,12/20/2006,40.95,-64.87
WE20061206p,12/6/2006,39.65,-64.5,22907.72,8/22/2007,36.05,-74.45
WE20061213q,12/13/2006,41.32,-59.33,15823.08,1/8/2007,41.25,-59.38
WE20070108D,1/8/2007,40.91,-61.88,16690.54,4/16/2007,41.08,-60.6
WE20070131E,1/31/2007,41.48,-57.43,24712.08,4/16/2007,41.81,-58.92
WE20070219F,2/19/2007,40.03,-62.34,30018.84,5/14/2007,38.83,-64.06
WE20070416G,4/16/2007,38.88,-65.01,24427.86,5/7/2007,39.16,-65.38
WE20070416H,4/16/2007,41.72,-59.45,18519,7/23/2007,41.68,-62.26
WE20070423I,4/23/2007,38.7,-68.47,10124.15,6/25/2007,37.79,-69.96
WE20070423J,4/23/2007,40.55,-64.03,42920.55,7/9/2007,39.03,-66.55
WE20070528K,5/28/2007,40.14,-66.93,5355.61,6/11/2007,40.25,-66.86
WE20070528L,5/28/2007,39.22,-66.53,8727.67,11/14/2007,37.78,-73.69
WE20070528M,5/28/2007,41.4,-64.31,3497.2,7/9/2007,40.84,-64.57
WE20070528N,5/28/2007,41.62,-55.62,23044.21,6/11/2007,41.8,-55.77
WE20070604O,6/4/2007,39.68,-71.33,2361.6,6/18/2007,39.74,-71.16
WE20070625P,6/25/2007,38.59,-71.74,3774.99,7/23/2007,37.74,-71.94
WE20070625Q,6/25/2007,40.6,-56.4,48297.26,7/30/2007,41.51,-56.59
WE20070629R,6/29/2007,39.8,-62.78,38253.76,7/9/2007,40.12,-63.44
WE20070629S,6/29/2007,41.42,-59.21,17840.46,7/9/2007,41.45,-59.19
WE20070730T,7/30/2007,39.74,-70.98,10475.62,8/8/2007,39.66,-70.97
WE20070730U,7/30/2007,40.11,-65.86,8395.2,9/19/2007,39.7,-69.6
WE20070808V,8/8/2007,37.39,-72.62,9224.39,9/5/2007,37.65,-72.45
WE20070815W,8/15/2007,40.84,-61.22,10432.94,9/5/2007,40.91,-61.5
WE20070815X,8/15/2007,41.17,-58.62,17299.02,11/7/2007,40.53,-61.09
WE20070822Y,8/22/2007,40.17,-65.01,25675.61,11/28/2007,38.71,-68.63
WE20070905Z,9/5/2007,42.19,-63.11,11869.8,9/19/2007,42.18,-62.97
WE20070919a,9/19/2007,39.94,-68.31,5636.39,10/3/2007,39.77,-68.61
WE20070919b,9/19/2007,41.54,-61.5,8673.9,9/26/2007,41.63,-61.46
WE20070926c,9/26/2007,39.4,-71.09,11622.88,10/31/2007,38.92,-71.9
WE20071010d,10/10/2007,40.7,-62.29,56456.64,11/7/2007,41.24,-63.2
WE20071024e,10/24/2007,41.7,-58.98,14488.87,11/7/2007,41.68,-58.99
WE20071024f,10/24/2007,41.46,-57.13,15689.8,12/26/2007,41.54,-57.25
WE20071031g,10/31/2007,41.89,-61.07,7026.33,11/7/2007,41.92,-61.09
WE20071114h,11/14/2007,39.62,-63.44,77532.45,1/9/2008,40.18,-65.89
WE20071121i,11/21/2007,41.18,-59.34,6371.47,12/26/2007,41.28,-59.7
WE20071226j,12/26/2007,38.02,-64.4,6395.77,1/7/2008,38.01,-64.5
WE20070302k,3/2/2007,40.75,-60.2,40236.11,4/16/2007,40.87,-60.07
WE20070514m,5/14/2007,39.95,-63.12,55688.77,7/9/2007,40.84,-64.57
WE20080102B,1/2/2008,41.18,-60.59,13399.1,2/27/2008,40.73,-62.41
WE20080116C,1/16/2008,40.81,-60.13,5526.59,3/5/2008,40.79,-60.13
WE20080206D,2/6/2008,41.33,-63.75,10035.27,2/27/2008,41.5,-63.72
WE20080206E,2/6/2008,41.02,-57.25,42546.89,4/9/2008,42.17,-57.12
WE20080206F,2/6/2008,35.86,-74.51,4426.17,3/5/2008,35.76,-74.25
WE20080213G,2/13/2008,39.52,-65.21,25080.46,5/9/2008,40.18,-67.68
WE20080305H,3/5/2008,36.85,-73.43,6630.68,3/12/2008,36.91,-73.53
WE20080312I,3/12/2008,39.95,-61.75,20963.07,6/3/2008,40.42,-63.98
WE20080326J,3/26/2008,38.47,-71.83,47576.17,7/2/2008,36.08,-74.34
WE20080326K,3/26/2008,40.24,-59.11,36757.66,4/23/2008,41.58,-59.8
WE20080409L,4/9/2008,41.03,-63.88,4779.01,4/23/2008,40.73,-64.34
WE20080425M,4/25/2008,39.01,-70.4,9391.86,5/30/2008,38.39,-71.66
WE20080425N,4/25/2008,38.91,-65.94,48729.23,8/6/2008,39.02,-69.46
WE20080425O,4/25/2008,41.57,-61.84,8180.19,5/9/2008,41.62,-61.83
WE20080516P,5/16/2008,40.6,-60.61,35090.44,8/6/2008,40.44,-66.02
WE20080530Q,5/30/2008,38.23,-69.59,43973.2,10/20/2008,37.05,-74.43
WE20080608R,6/8/2008,41.05,-56.7,35425.27,8/13/2008,40.52,-58.38
WE20080613S,6/13/2008,42.18,-58.28,4165.89,7/28/2008,42.45,-58.4
WE20080625T,6/25/2008,39.01,-67.18,11233.23,7/2/2008,39.03,-67.34
WE20080707U,7/7/2008,40.37,-61.12,34666.46,8/6/2008,40.03,-63.94
WE20080714V,7/14/2008,38.23,-69.3,10417.64,7/21/2008,38.23,-69.36
WE20080728W,7/28/2008,39.32,-66.34,43293.37,11/5/2008,39.3,-71.54
WE20080728X,7/28/2008,41.88,-55.92,9170.91,1/21/2009,41.42,-55.29
WE20080806Y,8/6/2008,40.22,-61.02,55540.35,9/5/2008,40.12,-61.37
WE20080813Z,8/13/2008,39.3,-71.74,24804.87,9/29/2008,39.37,-71.27
WE20080829a,8/29/2008,39.68,-64.11,30424.5,10/6/2008,40.15,-64.75
WE20080912b,9/12/2008,39.33,-62.88,41743.88,9/22/2008,39.28,-62.89
WE20081006c,10/6/2008,40.33,-66.22,8221.43,10/27/2008,40.41,-66.08
WE20081006d,10/6/2008,40.25,-61.04,28667.07,11/26/2008,40.27,-61.58
WE20081020e,10/20/2008,38.21,-67.87,55853.27,12/3/2008,39.49,-71.12
WE20081112f,11/12/2008,38.59,-67.68,56060.46,4/20/2009,36.98,-72.94
WE20081128g,11/28/2008,39.62,-60.6,8270.7,12/10/2008,39.46,-60.86
WE20081128h,11/28/2008,41.24,-60.05,10825.19,12/15/2008,41.8,-59.27
WE20081203i,12/3/2008,39.17,-67.87,14168.86,12/15/2008,39.19,-67.88
WE20081215j,12/15/2008,39.34,-68.9,7111.44,3/30/2009,39.68,-69.73
WE20081215k,12/15/2008,40.88,-62,7136.93,5/4/2009,40.75,-65.46
WE20080227l,2/27/2008,40.76,-60.02,19832.89,3/5/2008,40.72,-60.03
WE20081105m,11/5/2008,40.31,-61.43,31693.97,11/26/2008,40.47,-61.51
WE20090102C,1/2/2009,40.67,-65.5,8768.09,1/14/2009,40.74,-65.49
WE20090128F,1/28/2009,39.12,-65.61,29382.14,4/13/2009,40.03,-66.39
WE20090302G,3/2/2009,41.27,-61.9,10626.72,4/20/2009,41.24,-61.77
WE20090316H,3/16/2009,40.22,-61.19,24197.1,3/30/2009,39.55,-61.3
WE20090316I,3/16/2009,41.26,-56.29,15996.48,5/4/2009,41.19,-56.08
WE20090323J,3/23/2009,42.29,-58.96,13001,6/8/2009,40.16,-60.78
WE20090413K,4/13/2009,38.82,-66.35,33953.71,10/26/2009,38.31,-73.65
WE20090427L,4/27/2009,38.93,-68.94,7826.55,7/22/2009,37.71,-72.75
WE20090427M,4/27/2009,40.63,-63.32,4495.17,5/18/2009,40.66,-63.5
WE20090518N,5/18/2009,42.43,-62.08,5903.15,7/1/2009,41.78,-63.72
WE20090518O,5/18/2009,43.19,-58.68,5484.6,6/15/2009,42.98,-59.3
WE20090601P,6/1/2009,39.68,-64.09,79131.33,11/23/2009,38.09,-73.2
WE20090608Q,6/8/2009,40.75,-58.34,16332.99,6/24/2009,40.8,-58.61
WE20090615R,6/15/2009,41.46,-57.08,9008.61,6/24/2009,41.41,-57.21
WE20090624S,6/24/2009,39.81,-63.93,27086.85,8/12/2009,40.26,-65.05
WE20090624T,6/24/2009,40.13,-59.34,21482.95,8/26/2009,40.43,-61.71
WE20090701U,7/1/2009,36.86,-73.91,7563,7/15/2009,36.92,-73.85
WE20090722V,7/22/2009,41.33,-57.45,27470.38,9/11/2009,40.99,-57.96
WE20090819W,8/19/2009,41.97,-58.91,14822.58,10/26/2009,41.97,-59.12
WE20090911X,9/11/2009,40.76,-58.4,14178.74,10/12/2009,41.23,-61.31
WE20090918Y,9/18/2009,41.44,-56.59,42871.58,10/26/2009,41.59,-55.94
WE20091002Z,10/2/2009,39.65,-66.34,8484.79,11/30/2009,38.65,-72.42
WE20091002a,10/2/2009,41.18,-64.23,13439.87,12/30/2009,41.65,-64.63
WE20091026b,10/26/2009,39.96,-65.01,66810.11,2/1/2010,39.3,-68.52
WE20091026c,10/26/2009,40.05,-60.35,29266.12,11/23/2009,41.51,-61.96
WE20091116d,11/16/2009,42.03,-55.58,9875.38,12/21/2009,41.22,-56.66
WE20091130e,11/30/2009,39.42,-70.35,8123.83,12/30/2009,38.46,-71.76
WE20091207f,12/7/2009,42.38,-57.77,7422.13,12/30/2009,42.36,-58.82
WE20091221g,12/21/2009,41.06,-62.51,35849.76,9/20/2010,38.98,-71.97
WE20091230h,12/30/2009,41.69,-59.81,4274.96,1/25/2010,41.57,-60.11
WE20090420i,4/27/2009,40.68,-58.39,31553.49,6/8/2009,40.24,-60.68
WE20100222D,2/22/2010,40.46,-60.44,31857.24,3/15/2010,40.48,-61.27
WE20100301E,3/1/2010,39.15,-64.69,22126.2,3/8/2010,39.14,-64.65
WE20100308F,3/8/2010,41.63,-56.21,13081.91,7/5/2010,42.43,-57.16
WE20100412G,4/12/2010,36.85,-72.4,11161.35,4/26/2010,36.92,-72.45
WE20100503H,5/3/2010,38.36,-70.87,4742.64,5/31/2010,38.11,-71.57
WE20100524I,5/24/2010,39.75,-67.1,13086.45,6/28/2010,39.43,-68.99
WE20100524J,5/24/2010,39.8,-65.18,31891.86,6/14/2010,39.46,-65.94
WE20100524K,5/24/2010,40.71,-61.21,11404.24,6/21/2010,40.2,-62.15
WE20100524L,5/24/2010,41,-58.07,54081.78,7/12/2010,40.91,-59.94
WE20100531M,5/31/2010,39.62,-63.15,40742.05,6/21/2010,39.31,-64.17
WE20100614N,6/14/2010,36.71,-73.76,7683.86,6/28/2010,36.8,-73.76
WE20100614O,6/14/2010,41.59,-65.16,6270.46,8/27/2010,41.6,-65.14
WE20100705P,7/5/2010,39.81,-66.62,22416.81,9/27/2010,39.06,-67.38
WE20100719Q,7/19/2010,39.43,-67.61,18431.79,8/27/2010,39.64,-69.17
WE20100719R,7/19/2010,40.27,-64.29,7995.38,8/4/2010,40.25,-63.96
WE20100726S,7/26/2010,40.08,-60.47,17238.36,9/27/2010,41.6,-63.46
WE20100804T,8/4/2010,40.89,-57.8,78854.63,2/25/2011,40.25,-58.51
WE20100820U,8/20/2010,43.67,-57.16,11497.28,9/30/2010,43.73,-57.12
WE20100903V,9/3/2010,40.01,-65.83,14035.13,9/20/2010,39.83,-65.77
WE20100903W,9/3/2010,41.91,-55.6,15520.54,3/4/2011,41.45,-55.93
WE20100908X,9/8/2010,39.87,-70.13,6757.73,9/27/2010,39.89,-70.13
WE20100927Y,9/27/2010,40.51,-63.8,31010.33,12/13/2010,41.13,-62.72
WE20101004Z,10/4/2010,39.11,-69.16,25585.03,11/19/2010,39.38,-69.14
WE20101011a,10/11/2010,37.51,-72.47,10972.84,11/19/2010,37.14,-73.16
WE20101011b,10/11/2010,39.3,-64.75,45046.43,12/6/2010,39.85,-67.96
WE20101105c,11/5/2010,39.86,-62.48,29390.89,12/6/2010,39.95,-62.12
WE20101119d,11/19/2010,39.31,-71.19,10389.98,12/13/2010,39.28,-71.89
WE20101119e,11/19/2010,39.05,-63.75,56754.92,12/6/2010,41.07,-65.72
WE20101119f,11/19/2010,41.26,-65.73,8381.26,12/13/2010,39.24,-63.83
WE20101119g,11/19/2010,39.96,-60.31,28791.4,12/20/2010,40.14,-61.45
WE20101129h,11/29/2010,38.72,-66.59,28292.29,5/25/2011,36.32,-74.14
WE20101213i,12/13/2010,41.41,-64.32,6094.94,2/7/2011,39.99,-66.07
WE20101229j,12/29/2010,40.18,-59.61,27637.16,3/18/2011,40.53,-58.77
WE20110117F,1/17/2011,39.83,-63.04,31646.71,4/27/2011,39.36,-65.86
WE20110218G,2/18/2011,41.25,-60.44,6693.07,3/4/2011,41.24,-60.37
WE20110325H,3/25/2011,39.8,-58.92,39219.22,4/13/2011,39.87,-58.98
WE20110413I,4/13/2011,38.91,-70.31,4338.34,5/30/2011,38.77,-72.01
WE20110427J,4/27/2011,39.63,-70.45,5320.28,10/17/2011,40.31,-66.8
WE20110511K,5/11/2011,38.01,-72.44,5507.16,6/8/2011,37.04,-74.12
WE20110525L,5/25/2011,40.48,-56.93,40127.31,6/22/2011,40.87,-55.39
WE20110601M,6/1/2011,38.03,-72.97,17445.2,8/24/2011,36.74,-74.02
WE20110601N,6/1/2011,39.38,-71.26,15081.64,7/6/2011,38.98,-71.27
WE20110601O,6/1/2011,39.49,-69.11,12044.6,8/17/2011,39.01,-71.97
WE20110608P,6/8/2011,41.72,-59.22,10524.19,6/22/2011,41.91,-59.29
WE20110615Q,6/15/2011,39.07,-66.27,14659.79,7/13/2011,39.26,-66.43
WE20110706R,7/6/2011,39.45,-68.99,4202.79,7/18/2011,39.5,-69.06
WE20110706S,7/6/2011,40.03,-66.46,6291.15,7/20/2011,40.06,-66.5
WE20110718T,7/18/2011,39.12,-68.28,7491.74,8/17/2011,38.64,-69.35
WE20110720U,7/20/2011,40.28,-61.07,17471.69,8/24/2011,40.98,-62.58
WE20110720V,7/20/2011,41.33,-58.94,8478.02,9/28/2011,41.5,-61.54
WE20110720W,7/20/2011,41.21,-56.63,14549.53,8/31/2011,41.38,-56.67
WE20110817X,8/17/2011,38.87,-70.88,41985.49,11/14/2011,37.21,-73.92
WE20110817Y,8/17/2011,38.71,-65.02,26164.18,10/31/2011,39.24,-67.15
WE20110817Z,8/17/2011,39.57,-62.09,27172.06,9/7/2011,39.15,-63.35
WE20110824a,8/24/2011,39.65,-60.18,13843.28,8/31/2011,39.61,-60.18
WE20110914b,9/14/2011,42.85,-57.11,23109.27,10/17/2011,42.82,-57.61
WE20111005c,10/5/2011,41.08,-57.87,17065.98,11/14/2011,41.35,-58.47
WE20111005d,10/5/2011,39.99,-69.69,17837.27,11/14/2011,38.65,-72.08
WE20111017e,10/17/2011,40.05,-61.9,20579.02,11/21/2011,40.65,-60.97
WE20111017f,10/17/2011,40.76,-60,6979.64,2/13/2012,40.22,-61.97
WE20111114g,11/14/2011,40.68,-56.3,12626.72,2/15/2012,40.6,-57.02
WE20111121h,11/21/2011,40.28,-65.56,10084.56,12/12/2011,39.86,-66.09
WE20111128i,11/28/2011,41.31,-65.39,12294.65,1/9/2012,40.98,-64.37
WE20111205l,12/5/2011,39.4,-68.88,23200.95,3/5/2012,37.67,-73.58
WE20111219m,12/19/2011,39.53,-66.97,22604.12,6/18/2012,37.41,-74.18
WE20120102C,1/2/2012,39.5,-64.08,42021.16,7/16/2012,37.67,-73.82
WE20120102F,1/2/2012,39.53,-60.3,52552.5,2/15/2012,40.13,-59.77
WE20120206H,2/6/2012,39.54,-64.25,8860.28,2/13/2012,39.49,-64.29
WE20120309I,3/9/2012,40.5,-58.6,12970.58,4/9/2012,41.1,-59.01
WE20120314J,3/14/2012,40.76,-64.56,6088.42,11/12/2012,38.05,-72.51
WE20120326K,3/26/2012,40.11,-56.69,14107.71,4/9/2012,40.11,-56.61
WE20120326L,3/26/2012,41.55,-56,19100.41,4/2/2012,41.38,-55.87
WE20120402M,4/2/2012,42.29,-57.83,5961.86,4/16/2012,42.3,-57.81
WE20120416N,4/16/2012,41.45,-60.23,4247.72,4/23/2012,41.49,-60.25
WE20120423O,4/23/2012,40.97,-61.77,63190.76,7/18/2012,41.62,-65.07
WE20120521P,5/21/2012,40.78,-60.68,5921.25,7/30/2012,40.42,-63.63
WE20120528Q,5/28/2012,39.85,-64.66,7904.9,11/26/2012,39.47,-70.84
WE20120604R,6/4/2012,41.88,-57.91,4730.4,7/6/2012,41.35,-58.41
WE20120611S,6/11/2012,38.57,-68.43,9619.71,8/15/2012,38.89,-69.15
WE20120709T,7/9/2012,41.08,-58.54,32381.72,9/3/2012,39.77,-63.41
WE20120723U,7/23/2012,41.96,-55.66,35845.37,12/31/2012,40.94,-61.42
WE20120815V,8/15/2012,40.75,-66.03,9736.74,12/19/2012,39.67,-67.49
WE20120910W,9/10/2012,38.46,-66.83,17133.12,10/8/2012,38.85,-66.96
WE20120910X,9/10/2012,40.58,-64.5,34786.92,11/12/2012,41.36,-64.62
WE20120910Y,9/10/2012,39.99,-59.21,101348.34,9/24/2012,39.94,-59.57
WE20120917Z,9/17/2012,42.87,-58.06,16993.05,1/14/2013,40.64,-55.47
WE20120924a,9/24/2012,39.01,-62.83,23077.04,10/1/2012,39,-62.8
WE20121008b,10/8/2012,40.97,-61.55,15036.38,12/19/2012,41.09,-64.42
WE20121008c,10/8/2012,41.49,-57.93,11975.44,1/11/2013,40.69,-59.04
WE20121012d,10/12/2012,38.75,-67.22,41652.44,10/29/2012,38.67,-67.11
WE20121012e,10/12/2012,37.6,-64.61,16740.35,10/29/2012,37.62,-64.67
WE20121105f,11/5/2012,38.71,-67.9,44097.88,12/19/2012,39.11,-66.32
WE20121112g,11/12/2012,39.52,-68.47,23908.01,4/1/2013,36.8,-73.96
WE20121205h,12/5/2012,38.02,-72.27,7267.62,12/24/2012,37.76,-72.86
WE20121219i,12/12/2012,41.1,-64.33,22120.84,8/21/2013,36.22,-74.21
WE20121224j,12/24/2012,38.45,-62.8,15913,1/7/2013,38.39,-62.81
WE20130109E,1/9/2013,39.63,-61.29,21515.47,5/31/2013,39.18,-68.96
WE20130327F,3/27/2013,41.8,-58.01,25728.27,5/31/2013,41.49,-57.29
WE20130410G,4/10/2013,41.06,-59.87,20654.86,5/22/2013,39.72,-60.61
WE20130513H,5/13/2013,39.44,-70.9,7170.12,8/21/2013,37.32,-73.62
WE20130513I,5/13/2013,38.46,-66.59,29390.42,8/2/2013,38.98,-67.92
WE20130527J,5/27/2013,40.03,-64.49,8279.99,6/14/2013,40.19,-65.58
WE20130610K,6/10/2013,40.94,-58.82,9602.42,6/21/2013,40.84,-59.14
WE20130613L,6/10/2013,40.22,-61.37,28142.16,8/9/2013,40.37,-61.64
WE20130703M,7/3/2013,40.24,-65.57,8656.27,8/28/2013,39.63,-68.02
WE20130708N,7/8/2013,38.96,-60.16,11042.85,7/15/2013,38.97,-60.14
WE20130708O,7/8/2013,40.19,-58.45,35448.78,9/11/2013,39.76,-58
WE20130708P,7/8/2013,41.14,-56.41,15429.8,10/2/2013,41.99,-57.89
WE20130717Q,7/17/2013,39.33,-70.09,12294.56,10/21/2013,39.15,-71.92
WE20130719R,7/19/2013,38.63,-63.38,73858.56,9/4/2013,39.08,-63.45
WE20130723S,7/23/2013,41.47,-55.43,12296.06,12/27/2013,41.39,-57.32
WE20130814T,8/14/2013,41.21,-65.18,5615.78,9/4/2013,40.17,-63.97
WE20130814U,8/14/2013,38.39,-66.28,40261.93,2/3/2014,37,-74.09
WE20130821V,8/21/2013,40.14,-61.64,11103.73,9/4/2013,40.26,-61.65
WE20130906W,9/6/2013,39.45,-64.75,21203.88,2/24/2014,38.2,-73.62
WE20130925X,9/25/2013,41.44,-59.83,31218.19,12/2/2013,40.85,-61.39
WE20130925Y,9/25/2013,40.69,-56.89,15632.22,10/2/2013,40.68,-56.89
WE20131014Z,10/14/2013,41.72,-63.67,11533.01,2/3/2014,41.45,-65.33
WE20131111a,11/11/2013,42.88,-58.75,17942.2,12/6/2013,42.88,-59.24
WE20131204b,12/4/2013,41.44,-62.54,15201.67,5/12/2014,42.26,-63.54
WE20140113E,1/13/2014,38.88,-66.6,6513.97,7/21/2014,37.93,-73.08
WE20140203F,2/3/2014,41.08,-62.06,5605.82,2/17/2014,41.05,-62.03
WE20140210G,2/10/2014,39.52,-58.71,36244.15,2/17/2014,39.53,-58.8
WE20140217H,2/17/2014,40.35,-62.99,16106.33,7/18/2014,40.22,-66.18
WE20140310I,3/10/2014,39.89,-56.67,62270.29,3/24/2014,40.01,-56.71
WE20140414J,4/14/2014,40.6,-61.57,11514.99,7/14/2014,41.91,-62.73
WE20140414K,4/14/2014,41.19,-58.74,41601.63,5/7/2014,41.31,-58.61
WE20140509N,5/9/2014,38.46,-67.32,97282.34,10/3/2014,37.32,-73.95
WE20140526P,5/26/2014,39.11,-71.51,4756.9,6/9/2014,38.23,-72.4
WE20140526Q,5/26/2014,41.04,-61.04,7960.81,7/28/2014,41.75,-60.73
WE20140526R,5/26/2014,41.2,-58.13,61852.19,7/18/2014,40.54,-57.95
WE20140630S,6/30/2014,41.01,-55.84,13558.62,7/14/2014,40.43,-55.54
WE20140630T,6/30/2014,39.12,-68.19,23500.78,2/9/2015,37.89,-73.41
WE20140630U,6/30/2014,41.62,-65.08,11283.57,8/17/2015,39.21,-71.3
WE20140630V,6/30/2014,41.03,-63.45,21359.96,7/14/2014,40.83,-63.81
WE20140704W,7/4/2014,41.4,-56.34,6809.69,3/9/2015,41.77,-56.49
WE20140730X,7/30/2014,41.78,-60.63,35163.85,9/13/2014,41.04,-60.12
WE20140813Y,8/13/2014,41.23,-57.9,17565.21,10/20/2014,42.65,-58.63
WE20140820Z,8/20/2014,42,-61.68,26678.6,9/29/2014,42,-62.27
WE20140820a,8/20/2014,39.54,-65.04,23162.94,8/27/2014,39.55,-65.02
WE20140909b,9/9/2014,38.46,-70.84,11827.2,9/22/2014,38.47,-70.85
WE20140922c,9/22/2014,40.52,-60.17,43465.88,9/29/2014,40.6,-60.09
WE20140929d,9/29/2014,41.01,-60.97,68586.04,12/3/2014,41.34,-59.5
WE20140929e,9/29/2014,40.39,-64.15,48918.56,3/16/2015,39.52,-66.77
WE20141117f,11/17/2014,41.85,-64.01,28066.73,11/26/2014,41.86,-64.13
WE20150401E,4/1/2015,39.83,-65.1,59930.41,9/4/2015,39.49,-67.47
WE20150406F,4/6/2015,41.3,-64.91,14359.77,6/15/2015,41.6,-63.4
WE20150427G,4/27/2015,38.17,-73.07,4906.86,5/11/2015,38.89,-71.68
WE20150427H,4/27/2015,41.07,-58.14,30725.55,6/15/2015,41.7,-61.88
WE20150504I,5/4/2015,39.5,-64.35,65729.39,7/13/2015,40.83,-65.1
WE20150511J,5/11/2015,38.71,-72.57,5744.85,6/15/2015,37.78,-73.42
WE20150511K,5/11/2015,38.74,-70.97,6249.08,7/6/2015,37.86,-73.98
WE20150525L,5/25/2015,41.89,-57.09,5766.01,6/15/2015,41.71,-57.03
WE20150608M,6/8/2015,36.83,-74.19,3294.22,6/22/2015,35.81,-74.67
WE20150629N,6/29/2015,41.39,-62.79,5308.79,7/13/2015,40.79,-63.06
WE20150706O,7/6/2015,39.62,-70.09,14287.24,12/30/2015,37.25,-74.04
WE20150706P,7/6/2015,40.97,-60.41,16197.45,7/13/2015,40.98,-60.46
WE20150706Q,7/6/2015,41.64,-58.35,12966.35,11/25/2015,41.01,-59.09
WE20150713R,7/13/2015,39.88,-63.75,21276.69,8/31/2015,39.69,-66.3
WE20150713S,7/13/2015,41.33,-62.88,11788.8,8/7/2015,40.77,-63.07
WE20150713T,7/13/2015,41.97,-59.35,11284.73,6/24/2016,38.52,-72.51
WE20150713U,7/13/2015,41.8,-56.35,16938.64,8/10/2015,41.28,-55.24
WE20150724V,7/24/2015,41.5,-65,8488.91,3/7/2016,37.67,-73.66
WE20150907W,9/7/2015,42.64,-60.12,9398.56,10/23/2015,41.46,-60.5
WE20150909X,9/9/2015,39.25,-67.16,12463.08,1/27/2016,38.65,-72.63
WE20150921Y,9/21/2015,39.53,-63.58,13354.35,11/4/2015,40.33,-63.47
WE20151017Z,10/17/2015,41.18,-55.41,29146.21,11/20/2015,41.11,-55.37
WE20151207a,12/7/2015,40.34,-61.78,28877.61,4/4/2016,40.41,-63.42
WE20151207b,12/7/2015,40.6,-57.98,35823.12,1/6/2016,40.91,-57.83
WE20151214c,12/14/2015,42.2,-61.61,9364.6,2/3/2016,41.78,-62.32
WE20151228d,12/28/2015,40.1,-59.5,22581.81,1/6/2016,40.12,-59.37
WE20160101A,9/9/2015,39.43,-69.88,27753.53,1/27/2016,37.82,-73.25
WE20160101B,7/24/2015,39.58,-70.06,17175.01,3/7/2016,37.86,-73.65
WE20160101C,7/13/2015,40.01,-65.96,17438.79,6/27/2016,38.52,-73.57
WE20160101D,12/7/2015,40.32,-61.66,29894.21,4/4/2016,40.59,-66.19
WE20160101E,12/14/2015,42.23,-61.66,8390.78,2/8/2016,40.22,-58.98
WE20160101F,12/28/2015,40.12,-59.48,21352.23,1/8/2016,39.21,-72.13
WE20160101G,12/7/2015,40.69,-58.04,31250.34,1/8/2016,41,72
WE20160328H,3/28/2016,40.42,-62.83,32549.35,4/8/2016,40.42,-62.83
WE20160412I,4/12/2016,40.93,-59.41,27639.85,5/4/2016,40.93,-59.41
WE20160412J,4/12/2016,40.8,-57.75,7640.9,5/4/2016,40.8,-57.75
WE20160513K,5/13/2016,39.05,-69.98,5924.41,5/20/2016,39.71,-69.68
WE20160513L,5/13/2016,40.55,-63.85,3533.92,6/20/2016,40.36,-63.08
WE20160513M,5/13/2016,42.59,-60.01,19628.45,6/27/2016,42.51,-60.88
WE20160530N,5/13/2016,40.8,-55.57,7163.06,6/13/2016,40.8,-55.57
WE20160620O,6/20/2016,40.52,-60.72,24104.68,9/26/2016,41.19,-61.37
WE20160620P,6/20/2016,40.15,-58.68,17521.97,7/4/2016,42.1,64.42
WE20160627Q,6/27/2016,37.85,-73.55,8011.05,7/4/2016,32.27,-72.15
WE20160704R,7/4/2016,41.5,-64,62831.85,1/31/2017,41.5,-71
WE20160718S,7/18/2016,38.93,-71.13,14050.94,8/8/2016,38.93,-71.13
WE20160718T,7/18/2016,41.63,-56.18,13061.1,8/8/2016,41.63,-56.18
WE20160808U,8/8/2016,40.84,-64.29,12995.81,9/26/2016,40.64,-64.99
WE20160815V,8/15/2016,39.27,-67.04,9211.16,12/28/2016,38.78,-71.74
WE20160829W,8/29/2016,40.64,-61.78,30443,1/31/2017,41.05,-59
WE20160829X,8/29/2016,40.35,-58.58,68349.34,9/26/2016,40.08,-59.77
WE20161024Y,10/24/2016,40.11,-66.76,10261.06,10/31/2016,40.11,-66.76
WE20161024Z,10/24/2016,41.42,-57.26,13125.73,11/25/2016,41.42,-57.26
WE20161031a,10/31/2016,38.98,-71.48,7403.52,1/31/2017,37.69,-72.39
WE20161125b,11/25/2016,40,-68,251327.41,1/31/2017,40,-66
WE20161228c,12/28/2016,40.48,-66.04,13497.84,1/31/2017,40.06,-66.42
WE20160829W,8/29/2016,40.61,-61.63,23150.27,3/20/2017,38.4,-72.7
WE20161228c,12/28/2016,40.44,-66.08,13647.82,1/30/2017,40.02,-66.55
WE20161125b,11/25/2016,40,-68,250999.26,3/1/2017,39.88,-63.62
WE20160704R,7/4/2016,41.5,-64,62831.54,1/16/2017,41.15,-58.67
WE20170116E,1/16/2017,41.62,-63.98,32063.99,4/19/2017,41.26,-64.65
WE20170130F,1/30/2017,39.44,-68.21,14078.75,5/3/2017,38.07,-73.49
WE20170329J,3/29/2017,38.69,-68.04,10748.92,5/15/2017,38.93,-69.77
WE20170329K,3/29/2017,41.29,-56.82,13242.94,4/28/2017,41.09,-59.46
WE20170419M,4/19/2017,40.2,-64.37,24634.45,5/22/2017,40.23,-64.8
WE20170419N,4/19/2017,40.45,-61.46,37388.66,6/16/2017,41.55,-64.25
WE20170421O,4/21/2017,38.77,-71.25,9685.09,5/3/2017,38.85,-70.99
WE20170503R,5/3/2017,37.25,-73.92,4418.07,5/12/2017,37.17,-73.8
WE20170512S,5/12/2017,38.81,-71.32,7802.51,5/22/2017,38.8,-71.25
WE20170517T,5/17/2017,40.7,-56.82,43614.52,6/9/2017,40.91,-57.59
WE20170522U,5/22/2017,36.78,-74.26,4190.84,6/9/2017,36.53,-74.28
WE20170529X,5/29/2017,40.31,-61.05,35637.94,9/13/2017,40.22,-65.86
WE20170605Z,6/5/2017,39.01,-71.47,5423.9,7/3/2017,39.21,-71.59
WE20170605a,6/5/2017,39.67,-69.52,7448.37,6/26/2017,39.67,-69.76
WE20170605b,6/5/2017,39.82,-67.24,11022.21,9/4/2017,38.41,-71.63
WE20170707f,7/7/2017,39.62,-66.82,19182.52,12/13/2017,36.6,-74.2
WE20170712g,7/12/2017,40.45,-61.88,35635.68,8/4/2017,40.2,-62.26
WE20170712h,7/12/2017,42.12,-59.74,70213.43,8/2/2017,41.97,-60.86
WE20170804k,8/4/2017,40.97,-56.29,18679.42,8/14/2017,40.95,-56.25
WE20170809l,8/9/2017,41.45,-61.31,34281.84,8/28/2017,41.39,-61.56
WE20170811m,8/11/2017,42.02,-59.17,42118.87,10/30/2017,41.04,-63.04
WE20170828n,8/21/2017,42.24,-57.21,18855.94,9/4/2017,42.23,-57.19
WE20170828o,8/28/2017,41.87,-62.77,39488.8,10/23/2017,42.07,-63.73
WE20170906p,9/6/2017,42.56,-57.68,23428.79,9/15/2017,42.46,-57.56
WE20170904q,9/4/2017,37.73,-72.67,6752.59,9/29/2017,38.02,-72.61
WE20170925s,9/25/2017,39.16,-65.52,56720.22,10/9/2017,39.18,-65.08
WE20170929s'',9/29/2017,37.12,-74.18,8669.94,10/6/2017,37.12,-74.17
WE20171006t,10/6/2017,41.14,-57.58,37780.72,10/16/2017,41.76,-57.94
WE20171009u,10/9/2017,36.95,-74.03,2229.41,10/16/2017,37.01,-74.05
WE20171016v,10/16/2017,39.97,-67.99,9220.14,1/10/2018,NA,NA
WE20171020w,10/20/2017,42.52,-58.33,17650.26,11/27/2017,42.45,-59.63
WE20171023y,10/23/2017,40.23,-66.48,18161.83,11/22/2017,39.49,-67.65
WE20171030z,10/30/2017,41.46,-64.22,38050.75,11/20/2017,41.49,-64.48
WE20171103a',11/3/2017,38.21,-71.14,13005.94,12/13/2017,38.32,-72.19
WE20171103b',11/3/2017,41.53,-56.56,19976.15,11/27/2017,41.53,-56.52
WE20171120c',11/20/2017,40.36,-66.85,11631.96,1/12/2018,NA,NA
WE20171127d',11/27/2017,42.29,-57.87,6599.92,4/23/2018,NA,NA
WE20171129e',11/29/2017,42.46,-55.97,5354.01,1/15/2018,NA,NA
WE20171129f',11/29/2017,41.43,-64.83,21999.88,1/12/2018,NA,NA
WE20171213g',12/13/2017,40.03,-64.34,35351.66,NA,NA,NA
